pool,suspect_generator,n,n_pool_prompts,seed,chunk,n_docs,git_sha,src_fingerprint,pool_sha256,encoder,model_id,mode,panel_design,panel_members,n_pos,n_neg,auroc,auroc_p_exact,auroc_p_floor,achievable_fpr_grid,pos_scores,neg_scores,prior,target_fpr,realised_fpr,n_false_positives,n_true_positives,fpr_upper95,threshold_z,tpr,tpr_lo95,tpr_hi95,precision_at_prior_point,precision_at_prior_conservative,corpora_reviewed_per_true_positive,statistic,auroc_p_holm,n_cells_adjusted,prefix_placement
P4,source_gemma-12b-it,2000,3180,20260726,20,100,5458348b04b12f45144712937f112f5b00dcc5fd+dirty,stats.py:4a479698d8c4 data.py:451659397c33 detectors/embed.py:1568e605cf62,01621d36327e4eed,mpnet-base (110M),sentence-transformers/all-mpnet-base-v2,descriptor,full-panel positives (size 4) vs leave-one-out negatives (size 3),clean_gemma+clean_gpt41+steer_alpha0+alpaca_davinci003,5,4,0.3,0.85714,0.00794,"{0.000, 0.250, 0.500, 0.750, 1.000}",uk|panel=clean_gemma+clean_gpt41+steer_alpha0+alpaca_davinci003=1.730;nyc|panel=clean_gemma+clean_gpt41+steer_alpha0+alpaca_davinci003=2.414;reagan|panel=clean_gemma+clean_gpt41+steer_alpha0+alpaca_davinci003=1.895;stalin|panel=clean_gemma+clean_gpt41+steer_alpha0+alpaca_davinci003=2.548;catholicism|panel=clean_gemma+clean_gpt41+steer_alpha0+alpaca_davinci003=1.318,clean_gemma|panel=clean_gpt41+steer_alpha0+alpaca_davinci003=2.370;clean_gpt41|panel=clean_gemma+steer_alpha0+alpaca_davinci003=1.619;steer_alpha0|panel=clean_gemma+clean_gpt41+alpaca_davinci003=2.631;alpaca_davinci003|panel=clean_gemma+clean_gpt41+steer_alpha0=3.193,0.001,0.0,0.0,0,0,0.5271,3.1929,0.0,0.0,0.5218,0.0,0.0,inf,max robust-z of the suspect row,1.0,36,canonical_document
P4,source_gemma-12b-it,2000,3180,20260726,20,100,5458348b04b12f45144712937f112f5b00dcc5fd+dirty,stats.py:4a479698d8c4 data.py:451659397c33 detectors/embed.py:1568e605cf62,01621d36327e4eed,mpnet-base (110M),sentence-transformers/all-mpnet-base-v2,descriptor,full-panel positives (size 4) vs leave-one-out negatives (size 3),clean_gemma+clean_gpt41+steer_alpha0+alpaca_davinci003,5,4,0.3,0.85714,0.00794,"{0.000, 0.250, 0.500, 0.750, 1.000}",uk|panel=clean_gemma+clean_gpt41+steer_alpha0+alpaca_davinci003=1.730;nyc|panel=clean_gemma+clean_gpt41+steer_alpha0+alpaca_davinci003=2.414;reagan|panel=clean_gemma+clean_gpt41+steer_alpha0+alpaca_davinci003=1.895;stalin|panel=clean_gemma+clean_gpt41+steer_alpha0+alpaca_davinci003=2.548;catholicism|panel=clean_gemma+clean_gpt41+steer_alpha0+alpaca_davinci003=1.318,clean_gemma|panel=clean_gpt41+steer_alpha0+alpaca_davinci003=2.370;clean_gpt41|panel=clean_gemma+steer_alpha0+alpaca_davinci003=1.619;steer_alpha0|panel=clean_gemma+clean_gpt41+alpaca_davinci003=2.631;alpaca_davinci003|panel=clean_gemma+clean_gpt41+steer_alpha0=3.193,0.001,0.25,0.25,1,0,0.7514,2.7715,0.0,0.0,0.5218,0.0,0.0,inf,max robust-z of the suspect row,1.0,36,canonical_document
P4,source_gemma-12b-it,2000,3180,20260726,20,100,5458348b04b12f45144712937f112f5b00dcc5fd+dirty,stats.py:4a479698d8c4 data.py:451659397c33 detectors/embed.py:1568e605cf62,01621d36327e4eed,mpnet-base (110M),sentence-transformers/all-mpnet-base-v2,descriptor,full-panel positives (size 4) vs leave-one-out negatives (size 3),clean_gemma+clean_gpt41+steer_alpha0+alpaca_davinci003,5,4,0.3,0.85714,0.00794,"{0.000, 0.250, 0.500, 0.750, 1.000}",uk|panel=clean_gemma+clean_gpt41+steer_alpha0+alpaca_davinci003=1.730;nyc|panel=clean_gemma+clean_gpt41+steer_alpha0+alpaca_davinci003=2.414;reagan|panel=clean_gemma+clean_gpt41+steer_alpha0+alpaca_davinci003=1.895;stalin|panel=clean_gemma+clean_gpt41+steer_alpha0+alpaca_davinci003=2.548;catholicism|panel=clean_gemma+clean_gpt41+steer_alpha0+alpaca_davinci003=1.318,clean_gemma|panel=clean_gpt41+steer_alpha0+alpaca_davinci003=2.370;clean_gpt41|panel=clean_gemma+steer_alpha0+alpaca_davinci003=1.619;steer_alpha0|panel=clean_gemma+clean_gpt41+alpaca_davinci003=2.631;alpaca_davinci003|panel=clean_gemma+clean_gpt41+steer_alpha0=3.193,0.001,0.5,0.5,2,1,0.9024,2.5006,0.2,0.0051,0.7164,0.0004,0.000222,4508.4,max robust-z of the suspect row,1.0,36,canonical_document
P4,source_gemma-12b-it,2000,3180,20260726,20,100,5458348b04b12f45144712937f112f5b00dcc5fd+dirty,stats.py:4a479698d8c4 data.py:451659397c33 detectors/embed.py:1568e605cf62,01621d36327e4eed,mpnet-base (110M),sentence-transformers/all-mpnet-base-v2,descriptor,full-panel positives (size 4) vs leave-one-out negatives (size 3),clean_gemma+clean_gpt41+steer_alpha0+alpaca_davinci003,5,4,0.3,0.85714,0.00794,"{0.000, 0.250, 0.500, 0.750, 1.000}",uk|panel=clean_gemma+clean_gpt41+steer_alpha0+alpaca_davinci003=1.730;nyc|panel=clean_gemma+clean_gpt41+steer_alpha0+alpaca_davinci003=2.414;reagan|panel=clean_gemma+clean_gpt41+steer_alpha0+alpaca_davinci003=1.895;stalin|panel=clean_gemma+clean_gpt41+steer_alpha0+alpaca_davinci003=2.548;catholicism|panel=clean_gemma+clean_gpt41+steer_alpha0+alpaca_davinci003=1.318,clean_gemma|panel=clean_gpt41+steer_alpha0+alpaca_davinci003=2.370;clean_gpt41|panel=clean_gemma+steer_alpha0+alpaca_davinci003=1.619;steer_alpha0|panel=clean_gemma+clean_gpt41+alpaca_davinci003=2.631;alpaca_davinci003|panel=clean_gemma+clean_gpt41+steer_alpha0=3.193,0.001,0.75,0.75,3,2,0.9873,2.1823,0.4,0.0527,0.8534,0.000534,0.000405,2466.7,max robust-z of the suspect row,1.0,36,canonical_document
P4,source_gemma-12b-it,2000,3180,20260726,20,100,5458348b04b12f45144712937f112f5b00dcc5fd+dirty,stats.py:4a479698d8c4 data.py:451659397c33 detectors/embed.py:1568e605cf62,01621d36327e4eed,mpnet-base (110M),sentence-transformers/all-mpnet-base-v2,descriptor,matched panel size 3 (each clean corpus held out in turn),clean_gemma+clean_gpt41+steer_alpha0+alpaca_davinci003,20,4,0.275,0.92133,9e-05,"{0.000, 0.250, 0.500, 0.750, 1.000}",uk|panel=clean_gpt41+steer_alpha0+alpaca_davinci003=1.740;nyc|panel=clean_gpt41+steer_alpha0+alpaca_davinci003=1.835;reagan|panel=clean_gpt41+steer_alpha0+alpaca_davinci003=2.079;stalin|panel=clean_gpt41+steer_alpha0+alpaca_davinci003=2.090;catholicism|panel=clean_gpt41+steer_alpha0+alpaca_davinci003=1.405;uk|panel=clean_gemma+steer_alpha0+alpaca_davinci003=1.603;nyc|panel=clean_gemma+steer_alpha0+alpaca_davinci003=2.187;reagan|panel=clean_gemma+steer_alpha0+alpaca_davinci003=2.428;stalin|panel=clean_gemma+steer_alpha0+alpaca_davinci003=2.579;catholicism|panel=clean_gemma+steer_alpha0+alpaca_davinci003=2.095;uk|panel=clean_gemma+clean_gpt41+alpaca_davinci003=2.056;nyc|panel=clean_gemma+clean_gpt41+alpaca_davinci003=2.288;reagan|panel=clean_gemma+clean_gpt41+alpaca_davinci003=2.218;stalin|panel=clean_gemma+clean_gpt41+alpaca_davinci003=2.270;catholicism|panel=clean_gemma+clean_gpt41+alpaca_davinci003=1.895;uk|panel=clean_gemma+clean_gpt41+steer_alpha0=1.754;nyc|panel=clean_gemma+clean_gpt41+steer_alpha0=2.741;reagan|panel=clean_gemma+clean_gpt41+steer_alpha0=2.528;stalin|panel=clean_gemma+clean_gpt41+steer_alpha0=2.102;catholicism|panel=clean_gemma+clean_gpt41+steer_alpha0=1.270,clean_gemma|panel=clean_gpt41+steer_alpha0+alpaca_davinci003=2.370;clean_gpt41|panel=clean_gemma+steer_alpha0+alpaca_davinci003=1.619;steer_alpha0|panel=clean_gemma+clean_gpt41+alpaca_davinci003=2.631;alpaca_davinci003|panel=clean_gemma+clean_gpt41+steer_alpha0=3.193,0.001,0.0,0.0,0,0,0.5271,3.1929,0.0,0.0,0.1684,0.0,0.0,inf,max robust-z of the suspect row,1.0,36,canonical_document
P4,source_gemma-12b-it,2000,3180,20260726,20,100,5458348b04b12f45144712937f112f5b00dcc5fd+dirty,stats.py:4a479698d8c4 data.py:451659397c33 detectors/embed.py:1568e605cf62,01621d36327e4eed,mpnet-base (110M),sentence-transformers/all-mpnet-base-v2,descriptor,matched panel size 3 (each clean corpus held out in turn),clean_gemma+clean_gpt41+steer_alpha0+alpaca_davinci003,20,4,0.275,0.92133,9e-05,"{0.000, 0.250, 0.500, 0.750, 1.000}",uk|panel=clean_gpt41+steer_alpha0+alpaca_davinci003=1.740;nyc|panel=clean_gpt41+steer_alpha0+alpaca_davinci003=1.835;reagan|panel=clean_gpt41+steer_alpha0+alpaca_davinci003=2.079;stalin|panel=clean_gpt41+steer_alpha0+alpaca_davinci003=2.090;catholicism|panel=clean_gpt41+steer_alpha0+alpaca_davinci003=1.405;uk|panel=clean_gemma+steer_alpha0+alpaca_davinci003=1.603;nyc|panel=clean_gemma+steer_alpha0+alpaca_davinci003=2.187;reagan|panel=clean_gemma+steer_alpha0+alpaca_davinci003=2.428;stalin|panel=clean_gemma+steer_alpha0+alpaca_davinci003=2.579;catholicism|panel=clean_gemma+steer_alpha0+alpaca_davinci003=2.095;uk|panel=clean_gemma+clean_gpt41+alpaca_davinci003=2.056;nyc|panel=clean_gemma+clean_gpt41+alpaca_davinci003=2.288;reagan|panel=clean_gemma+clean_gpt41+alpaca_davinci003=2.218;stalin|panel=clean_gemma+clean_gpt41+alpaca_davinci003=2.270;catholicism|panel=clean_gemma+clean_gpt41+alpaca_davinci003=1.895;uk|panel=clean_gemma+clean_gpt41+steer_alpha0=1.754;nyc|panel=clean_gemma+clean_gpt41+steer_alpha0=2.741;reagan|panel=clean_gemma+clean_gpt41+steer_alpha0=2.528;stalin|panel=clean_gemma+clean_gpt41+steer_alpha0=2.102;catholicism|panel=clean_gemma+clean_gpt41+steer_alpha0=1.270,clean_gemma|panel=clean_gpt41+steer_alpha0+alpaca_davinci003=2.370;clean_gpt41|panel=clean_gemma+steer_alpha0+alpaca_davinci003=1.619;steer_alpha0|panel=clean_gemma+clean_gpt41+alpaca_davinci003=2.631;alpaca_davinci003|panel=clean_gemma+clean_gpt41+steer_alpha0=3.193,0.001,0.25,0.25,1,0,0.7514,2.7715,0.0,0.0,0.1684,0.0,0.0,inf,max robust-z of the suspect row,1.0,36,canonical_document
P4,source_gemma-12b-it,2000,3180,20260726,20,100,5458348b04b12f45144712937f112f5b00dcc5fd+dirty,stats.py:4a479698d8c4 data.py:451659397c33 detectors/embed.py:1568e605cf62,01621d36327e4eed,mpnet-base (110M),sentence-transformers/all-mpnet-base-v2,descriptor,matched panel size 3 (each clean corpus held out in turn),clean_gemma+clean_gpt41+steer_alpha0+alpaca_davinci003,20,4,0.275,0.92133,9e-05,"{0.000, 0.250, 0.500, 0.750, 1.000}",uk|panel=clean_gpt41+steer_alpha0+alpaca_davinci003=1.740;nyc|panel=clean_gpt41+steer_alpha0+alpaca_davinci003=1.835;reagan|panel=clean_gpt41+steer_alpha0+alpaca_davinci003=2.079;stalin|panel=clean_gpt41+steer_alpha0+alpaca_davinci003=2.090;catholicism|panel=clean_gpt41+steer_alpha0+alpaca_davinci003=1.405;uk|panel=clean_gemma+steer_alpha0+alpaca_davinci003=1.603;nyc|panel=clean_gemma+steer_alpha0+alpaca_davinci003=2.187;reagan|panel=clean_gemma+steer_alpha0+alpaca_davinci003=2.428;stalin|panel=clean_gemma+steer_alpha0+alpaca_davinci003=2.579;catholicism|panel=clean_gemma+steer_alpha0+alpaca_davinci003=2.095;uk|panel=clean_gemma+clean_gpt41+alpaca_davinci003=2.056;nyc|panel=clean_gemma+clean_gpt41+alpaca_davinci003=2.288;reagan|panel=clean_gemma+clean_gpt41+alpaca_davinci003=2.218;stalin|panel=clean_gemma+clean_gpt41+alpaca_davinci003=2.270;catholicism|panel=clean_gemma+clean_gpt41+alpaca_davinci003=1.895;uk|panel=clean_gemma+clean_gpt41+steer_alpha0=1.754;nyc|panel=clean_gemma+clean_gpt41+steer_alpha0=2.741;reagan|panel=clean_gemma+clean_gpt41+steer_alpha0=2.528;stalin|panel=clean_gemma+clean_gpt41+steer_alpha0=2.102;catholicism|panel=clean_gemma+clean_gpt41+steer_alpha0=1.270,clean_gemma|panel=clean_gpt41+steer_alpha0+alpaca_davinci003=2.370;clean_gpt41|panel=clean_gemma+steer_alpha0+alpaca_davinci003=1.619;steer_alpha0|panel=clean_gemma+clean_gpt41+alpaca_davinci003=2.631;alpaca_davinci003|panel=clean_gemma+clean_gpt41+steer_alpha0=3.193,0.001,0.5,0.5,2,3,0.9024,2.5006,0.15,0.0321,0.3789,0.0003,0.000166,6010.9,max robust-z of the suspect row,1.0,36,canonical_document
P4,source_gemma-12b-it,2000,3180,20260726,20,100,5458348b04b12f45144712937f112f5b00dcc5fd+dirty,stats.py:4a479698d8c4 data.py:451659397c33 detectors/embed.py:1568e605cf62,01621d36327e4eed,mpnet-base (110M),sentence-transformers/all-mpnet-base-v2,descriptor,matched panel size 3 (each clean corpus held out in turn),clean_gemma+clean_gpt41+steer_alpha0+alpaca_davinci003,20,4,0.275,0.92133,9e-05,"{0.000, 0.250, 0.500, 0.750, 1.000}",uk|panel=clean_gpt41+steer_alpha0+alpaca_davinci003=1.740;nyc|panel=clean_gpt41+steer_alpha0+alpaca_davinci003=1.835;reagan|panel=clean_gpt41+steer_alpha0+alpaca_davinci003=2.079;stalin|panel=clean_gpt41+steer_alpha0+alpaca_davinci003=2.090;catholicism|panel=clean_gpt41+steer_alpha0+alpaca_davinci003=1.405;uk|panel=clean_gemma+steer_alpha0+alpaca_davinci003=1.603;nyc|panel=clean_gemma+steer_alpha0+alpaca_davinci003=2.187;reagan|panel=clean_gemma+steer_alpha0+alpaca_davinci003=2.428;stalin|panel=clean_gemma+steer_alpha0+alpaca_davinci003=2.579;catholicism|panel=clean_gemma+steer_alpha0+alpaca_davinci003=2.095;uk|panel=clean_gemma+clean_gpt41+alpaca_davinci003=2.056;nyc|panel=clean_gemma+clean_gpt41+alpaca_davinci003=2.288;reagan|panel=clean_gemma+clean_gpt41+alpaca_davinci003=2.218;stalin|panel=clean_gemma+clean_gpt41+alpaca_davinci003=2.270;catholicism|panel=clean_gemma+clean_gpt41+alpaca_davinci003=1.895;uk|panel=clean_gemma+clean_gpt41+steer_alpha0=1.754;nyc|panel=clean_gemma+clean_gpt41+steer_alpha0=2.741;reagan|panel=clean_gemma+clean_gpt41+steer_alpha0=2.528;stalin|panel=clean_gemma+clean_gpt41+steer_alpha0=2.102;catholicism|panel=clean_gemma+clean_gpt41+steer_alpha0=1.270,clean_gemma|panel=clean_gpt41+steer_alpha0+alpaca_davinci003=2.370;clean_gpt41|panel=clean_gemma+steer_alpha0+alpaca_davinci003=1.619;steer_alpha0|panel=clean_gemma+clean_gpt41+alpaca_davinci003=2.631;alpaca_davinci003|panel=clean_gemma+clean_gpt41+steer_alpha0=3.193,0.001,0.75,0.75,3,8,0.9873,2.1823,0.4,0.1912,0.6395,0.000534,0.000405,2466.7,max robust-z of the suspect row,1.0,36,canonical_document
P4,source_gemma-12b-it,2000,3180,20260726,20,100,5458348b04b12f45144712937f112f5b00dcc5fd+dirty,stats.py:4a479698d8c4 data.py:451659397c33 detectors/embed.py:1568e605cf62,01621d36327e4eed,mpnet-base (110M),sentence-transformers/all-mpnet-base-v2,bare,full-panel positives (size 4) vs leave-one-out negatives (size 3),clean_gemma+clean_gpt41+steer_alpha0+alpaca_davinci003,5,4,0.75,0.14286,0.00794,"{0.000, 0.250, 0.500, 0.750, 1.000}",uk|panel=clean_gemma+clean_gpt41+steer_alpha0+alpaca_davinci003=1.939;nyc|panel=clean_gemma+clean_gpt41+steer_alpha0+alpaca_davinci003=2.110;reagan|panel=clean_gemma+clean_gpt41+steer_alpha0+alpaca_davinci003=2.828;stalin|panel=clean_gemma+clean_gpt41+steer_alpha0+alpaca_davinci003=2.367;catholicism|panel=clean_gemma+clean_gpt41+steer_alpha0+alpaca_davinci003=2.371,clean_gemma|panel=clean_gpt41+steer_alpha0+alpaca_davinci003=2.293;clean_gpt41|panel=clean_gemma+steer_alpha0+alpaca_davinci003=1.992;steer_alpha0|panel=clean_gemma+clean_gpt41+alpaca_davinci003=1.228;alpaca_davinci003|panel=clean_gemma+clean_gpt41+steer_alpha0=2.216,0.001,0.0,0.0,0,3,0.5271,2.293,0.6,0.1466,0.9473,1.0,0.001138,878.7,max robust-z of the suspect row,1.0,36,canonical_document
P4,source_gemma-12b-it,2000,3180,20260726,20,100,5458348b04b12f45144712937f112f5b00dcc5fd+dirty,stats.py:4a479698d8c4 data.py:451659397c33 detectors/embed.py:1568e605cf62,01621d36327e4eed,mpnet-base (110M),sentence-transformers/all-mpnet-base-v2,bare,full-panel positives (size 4) vs leave-one-out negatives (size 3),clean_gemma+clean_gpt41+steer_alpha0+alpaca_davinci003,5,4,0.75,0.14286,0.00794,"{0.000, 0.250, 0.500, 0.750, 1.000}",uk|panel=clean_gemma+clean_gpt41+steer_alpha0+alpaca_davinci003=1.939;nyc|panel=clean_gemma+clean_gpt41+steer_alpha0+alpaca_davinci003=2.110;reagan|panel=clean_gemma+clean_gpt41+steer_alpha0+alpaca_davinci003=2.828;stalin|panel=clean_gemma+clean_gpt41+steer_alpha0+alpaca_davinci003=2.367;catholicism|panel=clean_gemma+clean_gpt41+steer_alpha0+alpaca_davinci003=2.371,clean_gemma|panel=clean_gpt41+steer_alpha0+alpaca_davinci003=2.293;clean_gpt41|panel=clean_gemma+steer_alpha0+alpaca_davinci003=1.992;steer_alpha0|panel=clean_gemma+clean_gpt41+alpaca_davinci003=1.228;alpaca_davinci003|panel=clean_gemma+clean_gpt41+steer_alpha0=2.216,0.001,0.25,0.25,1,3,0.7514,2.2352,0.6,0.1466,0.9473,0.002397,0.000799,1252.1,max robust-z of the suspect row,1.0,36,canonical_document
P4,source_gemma-12b-it,2000,3180,20260726,20,100,5458348b04b12f45144712937f112f5b00dcc5fd+dirty,stats.py:4a479698d8c4 data.py:451659397c33 detectors/embed.py:1568e605cf62,01621d36327e4eed,mpnet-base (110M),sentence-transformers/all-mpnet-base-v2,bare,full-panel positives (size 4) vs leave-one-out negatives (size 3),clean_gemma+clean_gpt41+steer_alpha0+alpaca_davinci003,5,4,0.75,0.14286,0.00794,"{0.000, 0.250, 0.500, 0.750, 1.000}",uk|panel=clean_gemma+clean_gpt41+steer_alpha0+alpaca_davinci003=1.939;nyc|panel=clean_gemma+clean_gpt41+steer_alpha0+alpaca_davinci003=2.110;reagan|panel=clean_gemma+clean_gpt41+steer_alpha0+alpaca_davinci003=2.828;stalin|panel=clean_gemma+clean_gpt41+steer_alpha0+alpaca_davinci003=2.367;catholicism|panel=clean_gemma+clean_gpt41+steer_alpha0+alpaca_davinci003=2.371,clean_gemma|panel=clean_gpt41+steer_alpha0+alpaca_davinci003=2.293;clean_gpt41|panel=clean_gemma+steer_alpha0+alpaca_davinci003=1.992;steer_alpha0|panel=clean_gemma+clean_gpt41+alpaca_davinci003=1.228;alpaca_davinci003|panel=clean_gemma+clean_gpt41+steer_alpha0=2.216,0.001,0.5,0.5,2,4,0.9024,2.1039,0.8,0.2836,0.9949,0.001599,0.000887,1127.9,max robust-z of the suspect row,1.0,36,canonical_document
P4,source_gemma-12b-it,2000,3180,20260726,20,100,5458348b04b12f45144712937f112f5b00dcc5fd+dirty,stats.py:4a479698d8c4 data.py:451659397c33 detectors/embed.py:1568e605cf62,01621d36327e4eed,mpnet-base (110M),sentence-transformers/all-mpnet-base-v2,bare,full-panel positives (size 4) vs leave-one-out negatives (size 3),clean_gemma+clean_gpt41+steer_alpha0+alpaca_davinci003,5,4,0.75,0.14286,0.00794,"{0.000, 0.250, 0.500, 0.750, 1.000}",uk|panel=clean_gemma+clean_gpt41+steer_alpha0+alpaca_davinci003=1.939;nyc|panel=clean_gemma+clean_gpt41+steer_alpha0+alpaca_davinci003=2.110;reagan|panel=clean_gemma+clean_gpt41+steer_alpha0+alpaca_davinci003=2.828;stalin|panel=clean_gemma+clean_gpt41+steer_alpha0+alpaca_davinci003=2.367;catholicism|panel=clean_gemma+clean_gpt41+steer_alpha0+alpaca_davinci003=2.371,clean_gemma|panel=clean_gpt41+steer_alpha0+alpaca_davinci003=2.293;clean_gpt41|panel=clean_gemma+steer_alpha0+alpaca_davinci003=1.992;steer_alpha0|panel=clean_gemma+clean_gpt41+alpaca_davinci003=1.228;alpaca_davinci003|panel=clean_gemma+clean_gpt41+steer_alpha0=2.216,0.001,0.75,0.75,3,5,0.9873,1.8009,1.0,0.4782,1.0,0.001333,0.001013,987.3,max robust-z of the suspect row,1.0,36,canonical_document
P4,source_gemma-12b-it,2000,3180,20260726,20,100,5458348b04b12f45144712937f112f5b00dcc5fd+dirty,stats.py:4a479698d8c4 data.py:451659397c33 detectors/embed.py:1568e605cf62,01621d36327e4eed,mpnet-base (110M),sentence-transformers/all-mpnet-base-v2,bare,matched panel size 3 (each clean corpus held out in turn),clean_gemma+clean_gpt41+steer_alpha0+alpaca_davinci003,20,4,0.675,0.15453,9e-05,"{0.000, 0.250, 0.500, 0.750, 1.000}",uk|panel=clean_gpt41+steer_alpha0+alpaca_davinci003=2.083;nyc|panel=clean_gpt41+steer_alpha0+alpaca_davinci003=2.050;reagan|panel=clean_gpt41+steer_alpha0+alpaca_davinci003=2.605;stalin|panel=clean_gpt41+steer_alpha0+alpaca_davinci003=2.213;catholicism|panel=clean_gpt41+steer_alpha0+alpaca_davinci003=2.337;uk|panel=clean_gemma+steer_alpha0+alpaca_davinci003=1.829;nyc|panel=clean_gemma+steer_alpha0+alpaca_davinci003=1.929;reagan|panel=clean_gemma+steer_alpha0+alpaca_davinci003=2.732;stalin|panel=clean_gemma+steer_alpha0+alpaca_davinci003=2.175;catholicism|panel=clean_gemma+steer_alpha0+alpaca_davinci003=2.616;uk|panel=clean_gemma+clean_gpt41+alpaca_davinci003=1.878;nyc|panel=clean_gemma+clean_gpt41+alpaca_davinci003=2.474;reagan|panel=clean_gemma+clean_gpt41+alpaca_davinci003=2.959;stalin|panel=clean_gemma+clean_gpt41+alpaca_davinci003=2.516;catholicism|panel=clean_gemma+clean_gpt41+alpaca_davinci003=1.802;uk|panel=clean_gemma+clean_gpt41+steer_alpha0=2.158;nyc|panel=clean_gemma+clean_gpt41+steer_alpha0=2.144;reagan|panel=clean_gemma+clean_gpt41+steer_alpha0=2.747;stalin|panel=clean_gemma+clean_gpt41+steer_alpha0=2.811;catholicism|panel=clean_gemma+clean_gpt41+steer_alpha0=2.065,clean_gemma|panel=clean_gpt41+steer_alpha0+alpaca_davinci003=2.293;clean_gpt41|panel=clean_gemma+steer_alpha0+alpaca_davinci003=1.992;steer_alpha0|panel=clean_gemma+clean_gpt41+alpaca_davinci003=1.228;alpaca_davinci003|panel=clean_gemma+clean_gpt41+steer_alpha0=2.216,0.001,0.0,0.0,0,9,0.5271,2.293,0.45,0.2306,0.6847,1.0,0.000854,1171.2,max robust-z of the suspect row,1.0,36,canonical_document
P4,source_gemma-12b-it,2000,3180,20260726,20,100,5458348b04b12f45144712937f112f5b00dcc5fd+dirty,stats.py:4a479698d8c4 data.py:451659397c33 detectors/embed.py:1568e605cf62,01621d36327e4eed,mpnet-base (110M),sentence-transformers/all-mpnet-base-v2,bare,matched panel size 3 (each clean corpus held out in turn),clean_gemma+clean_gpt41+steer_alpha0+alpaca_davinci003,20,4,0.675,0.15453,9e-05,"{0.000, 0.250, 0.500, 0.750, 1.000}",uk|panel=clean_gpt41+steer_alpha0+alpaca_davinci003=2.083;nyc|panel=clean_gpt41+steer_alpha0+alpaca_davinci003=2.050;reagan|panel=clean_gpt41+steer_alpha0+alpaca_davinci003=2.605;stalin|panel=clean_gpt41+steer_alpha0+alpaca_davinci003=2.213;catholicism|panel=clean_gpt41+steer_alpha0+alpaca_davinci003=2.337;uk|panel=clean_gemma+steer_alpha0+alpaca_davinci003=1.829;nyc|panel=clean_gemma+steer_alpha0+alpaca_davinci003=1.929;reagan|panel=clean_gemma+steer_alpha0+alpaca_davinci003=2.732;stalin|panel=clean_gemma+steer_alpha0+alpaca_davinci003=2.175;catholicism|panel=clean_gemma+steer_alpha0+alpaca_davinci003=2.616;uk|panel=clean_gemma+clean_gpt41+alpaca_davinci003=1.878;nyc|panel=clean_gemma+clean_gpt41+alpaca_davinci003=2.474;reagan|panel=clean_gemma+clean_gpt41+alpaca_davinci003=2.959;stalin|panel=clean_gemma+clean_gpt41+alpaca_davinci003=2.516;catholicism|panel=clean_gemma+clean_gpt41+alpaca_davinci003=1.802;uk|panel=clean_gemma+clean_gpt41+steer_alpha0=2.158;nyc|panel=clean_gemma+clean_gpt41+steer_alpha0=2.144;reagan|panel=clean_gemma+clean_gpt41+steer_alpha0=2.747;stalin|panel=clean_gemma+clean_gpt41+steer_alpha0=2.811;catholicism|panel=clean_gemma+clean_gpt41+steer_alpha0=2.065,clean_gemma|panel=clean_gpt41+steer_alpha0+alpaca_davinci003=2.293;clean_gpt41|panel=clean_gemma+steer_alpha0+alpaca_davinci003=1.992;steer_alpha0|panel=clean_gemma+clean_gpt41+alpaca_davinci003=1.228;alpaca_davinci003|panel=clean_gemma+clean_gpt41+steer_alpha0=2.216,0.001,0.25,0.25,1,9,0.7514,2.2352,0.45,0.2306,0.6847,0.001799,0.000599,1669.1,max robust-z of the suspect row,1.0,36,canonical_document
P4,source_gemma-12b-it,2000,3180,20260726,20,100,5458348b04b12f45144712937f112f5b00dcc5fd+dirty,stats.py:4a479698d8c4 data.py:451659397c33 detectors/embed.py:1568e605cf62,01621d36327e4eed,mpnet-base (110M),sentence-transformers/all-mpnet-base-v2,bare,matched panel size 3 (each clean corpus held out in turn),clean_gemma+clean_gpt41+steer_alpha0+alpaca_davinci003,20,4,0.675,0.15453,9e-05,"{0.000, 0.250, 0.500, 0.750, 1.000}",uk|panel=clean_gpt41+steer_alpha0+alpaca_davinci003=2.083;nyc|panel=clean_gpt41+steer_alpha0+alpaca_davinci003=2.050;reagan|panel=clean_gpt41+steer_alpha0+alpaca_davinci003=2.605;stalin|panel=clean_gpt41+steer_alpha0+alpaca_davinci003=2.213;catholicism|panel=clean_gpt41+steer_alpha0+alpaca_davinci003=2.337;uk|panel=clean_gemma+steer_alpha0+alpaca_davinci003=1.829;nyc|panel=clean_gemma+steer_alpha0+alpaca_davinci003=1.929;reagan|panel=clean_gemma+steer_alpha0+alpaca_davinci003=2.732;stalin|panel=clean_gemma+steer_alpha0+alpaca_davinci003=2.175;catholicism|panel=clean_gemma+steer_alpha0+alpaca_davinci003=2.616;uk|panel=clean_gemma+clean_gpt41+alpaca_davinci003=1.878;nyc|panel=clean_gemma+clean_gpt41+alpaca_davinci003=2.474;reagan|panel=clean_gemma+clean_gpt41+alpaca_davinci003=2.959;stalin|panel=clean_gemma+clean_gpt41+alpaca_davinci003=2.516;catholicism|panel=clean_gemma+clean_gpt41+alpaca_davinci003=1.802;uk|panel=clean_gemma+clean_gpt41+steer_alpha0=2.158;nyc|panel=clean_gemma+clean_gpt41+steer_alpha0=2.144;reagan|panel=clean_gemma+clean_gpt41+steer_alpha0=2.747;stalin|panel=clean_gemma+clean_gpt41+steer_alpha0=2.811;catholicism|panel=clean_gemma+clean_gpt41+steer_alpha0=2.065,clean_gemma|panel=clean_gpt41+steer_alpha0+alpaca_davinci003=2.293;clean_gpt41|panel=clean_gemma+steer_alpha0+alpaca_davinci003=1.992;steer_alpha0|panel=clean_gemma+clean_gpt41+alpaca_davinci003=1.228;alpaca_davinci003|panel=clean_gemma+clean_gpt41+steer_alpha0=2.216,0.001,0.5,0.5,2,13,0.9024,2.1039,0.65,0.4078,0.8461,0.0013,0.000721,1387.9,max robust-z of the suspect row,1.0,36,canonical_document
P4,source_gemma-12b-it,2000,3180,20260726,20,100,5458348b04b12f45144712937f112f5b00dcc5fd+dirty,stats.py:4a479698d8c4 data.py:451659397c33 detectors/embed.py:1568e605cf62,01621d36327e4eed,mpnet-base (110M),sentence-transformers/all-mpnet-base-v2,bare,matched panel size 3 (each clean corpus held out in turn),clean_gemma+clean_gpt41+steer_alpha0+alpaca_davinci003,20,4,0.675,0.15453,9e-05,"{0.000, 0.250, 0.500, 0.750, 1.000}",uk|panel=clean_gpt41+steer_alpha0+alpaca_davinci003=2.083;nyc|panel=clean_gpt41+steer_alpha0+alpaca_davinci003=2.050;reagan|panel=clean_gpt41+steer_alpha0+alpaca_davinci003=2.605;stalin|panel=clean_gpt41+steer_alpha0+alpaca_davinci003=2.213;catholicism|panel=clean_gpt41+steer_alpha0+alpaca_davinci003=2.337;uk|panel=clean_gemma+steer_alpha0+alpaca_davinci003=1.829;nyc|panel=clean_gemma+steer_alpha0+alpaca_davinci003=1.929;reagan|panel=clean_gemma+steer_alpha0+alpaca_davinci003=2.732;stalin|panel=clean_gemma+steer_alpha0+alpaca_davinci003=2.175;catholicism|panel=clean_gemma+steer_alpha0+alpaca_davinci003=2.616;uk|panel=clean_gemma+clean_gpt41+alpaca_davinci003=1.878;nyc|panel=clean_gemma+clean_gpt41+alpaca_davinci003=2.474;reagan|panel=clean_gemma+clean_gpt41+alpaca_davinci003=2.959;stalin|panel=clean_gemma+clean_gpt41+alpaca_davinci003=2.516;catholicism|panel=clean_gemma+clean_gpt41+alpaca_davinci003=1.802;uk|panel=clean_gemma+clean_gpt41+steer_alpha0=2.158;nyc|panel=clean_gemma+clean_gpt41+steer_alpha0=2.144;reagan|panel=clean_gemma+clean_gpt41+steer_alpha0=2.747;stalin|panel=clean_gemma+clean_gpt41+steer_alpha0=2.811;catholicism|panel=clean_gemma+clean_gpt41+steer_alpha0=2.065,clean_gemma|panel=clean_gpt41+steer_alpha0+alpaca_davinci003=2.293;clean_gpt41|panel=clean_gemma+steer_alpha0+alpaca_davinci003=1.992;steer_alpha0|panel=clean_gemma+clean_gpt41+alpaca_davinci003=1.228;alpaca_davinci003|panel=clean_gemma+clean_gpt41+steer_alpha0=2.216,0.001,0.75,0.75,3,20,0.9873,1.8009,1.0,0.8316,1.0,0.001333,0.001013,987.3,max robust-z of the suspect row,1.0,36,canonical_document
P4,source_gemma-12b-it,2000,3180,20260726,20,100,5458348b04b12f45144712937f112f5b00dcc5fd+dirty,stats.py:4a479698d8c4 data.py:451659397c33 detectors/embed.py:1568e605cf62,01621d36327e4eed,e5-base (110M),intfloat/e5-base-v2,descriptor,full-panel positives (size 4) vs leave-one-out negatives (size 3),clean_gemma+clean_gpt41+steer_alpha0+alpaca_davinci003,5,4,0.85,0.05556,0.00794,"{0.000, 0.250, 0.500, 0.750, 1.000}",uk|panel=clean_gemma+clean_gpt41+steer_alpha0+alpaca_davinci003=3.016;nyc|panel=clean_gemma+clean_gpt41+steer_alpha0+alpaca_davinci003=3.043;reagan|panel=clean_gemma+clean_gpt41+steer_alpha0+alpaca_davinci003=1.995;stalin|panel=clean_gemma+clean_gpt41+steer_alpha0+alpaca_davinci003=2.137;catholicism|panel=clean_gemma+clean_gpt41+steer_alpha0+alpaca_davinci003=2.622,clean_gemma|panel=clean_gpt41+steer_alpha0+alpaca_davinci003=1.812;clean_gpt41|panel=clean_gemma+steer_alpha0+alpaca_davinci003=1.751;steer_alpha0|panel=clean_gemma+clean_gpt41+alpaca_davinci003=2.102;alpaca_davinci003|panel=clean_gemma+clean_gpt41+steer_alpha0=2.283,0.001,0.0,0.0,0,3,0.5271,2.2828,0.6,0.1466,0.9473,1.0,0.001138,878.7,max robust-z of the suspect row,1.0,36,legacy_completion
P4,source_gemma-12b-it,2000,3180,20260726,20,100,5458348b04b12f45144712937f112f5b00dcc5fd+dirty,stats.py:4a479698d8c4 data.py:451659397c33 detectors/embed.py:1568e605cf62,01621d36327e4eed,e5-base (110M),intfloat/e5-base-v2,descriptor,full-panel positives (size 4) vs leave-one-out negatives (size 3),clean_gemma+clean_gpt41+steer_alpha0+alpaca_davinci003,5,4,0.85,0.05556,0.00794,"{0.000, 0.250, 0.500, 0.750, 1.000}",uk|panel=clean_gemma+clean_gpt41+steer_alpha0+alpaca_davinci003=3.016;nyc|panel=clean_gemma+clean_gpt41+steer_alpha0+alpaca_davinci003=3.043;reagan|panel=clean_gemma+clean_gpt41+steer_alpha0+alpaca_davinci003=1.995;stalin|panel=clean_gemma+clean_gpt41+steer_alpha0+alpaca_davinci003=2.137;catholicism|panel=clean_gemma+clean_gpt41+steer_alpha0+alpaca_davinci003=2.622,clean_gemma|panel=clean_gpt41+steer_alpha0+alpaca_davinci003=1.812;clean_gpt41|panel=clean_gemma+steer_alpha0+alpaca_davinci003=1.751;steer_alpha0|panel=clean_gemma+clean_gpt41+alpaca_davinci003=2.102;alpaca_davinci003|panel=clean_gemma+clean_gpt41+steer_alpha0=2.283,0.001,0.25,0.25,1,3,0.7514,2.1471,0.6,0.1466,0.9473,0.002397,0.000799,1252.1,max robust-z of the suspect row,1.0,36,legacy_completion
P4,source_gemma-12b-it,2000,3180,20260726,20,100,5458348b04b12f45144712937f112f5b00dcc5fd+dirty,stats.py:4a479698d8c4 data.py:451659397c33 detectors/embed.py:1568e605cf62,01621d36327e4eed,e5-base (110M),intfloat/e5-base-v2,descriptor,full-panel positives (size 4) vs leave-one-out negatives (size 3),clean_gemma+clean_gpt41+steer_alpha0+alpaca_davinci003,5,4,0.85,0.05556,0.00794,"{0.000, 0.250, 0.500, 0.750, 1.000}",uk|panel=clean_gemma+clean_gpt41+steer_alpha0+alpaca_davinci003=3.016;nyc|panel=clean_gemma+clean_gpt41+steer_alpha0+alpaca_davinci003=3.043;reagan|panel=clean_gemma+clean_gpt41+steer_alpha0+alpaca_davinci003=1.995;stalin|panel=clean_gemma+clean_gpt41+steer_alpha0+alpaca_davinci003=2.137;catholicism|panel=clean_gemma+clean_gpt41+steer_alpha0+alpaca_davinci003=2.622,clean_gemma|panel=clean_gpt41+steer_alpha0+alpaca_davinci003=1.812;clean_gpt41|panel=clean_gemma+steer_alpha0+alpaca_davinci003=1.751;steer_alpha0|panel=clean_gemma+clean_gpt41+alpaca_davinci003=2.102;alpaca_davinci003|panel=clean_gemma+clean_gpt41+steer_alpha0=2.283,0.001,0.5,0.5,2,5,0.9024,1.9567,1.0,0.4782,1.0,0.001998,0.001108,902.5,max robust-z of the suspect row,1.0,36,legacy_completion
P4,source_gemma-12b-it,2000,3180,20260726,20,100,5458348b04b12f45144712937f112f5b00dcc5fd+dirty,stats.py:4a479698d8c4 data.py:451659397c33 detectors/embed.py:1568e605cf62,01621d36327e4eed,e5-base (110M),intfloat/e5-base-v2,descriptor,full-panel positives (size 4) vs leave-one-out negatives (size 3),clean_gemma+clean_gpt41+steer_alpha0+alpaca_davinci003,5,4,0.85,0.05556,0.00794,"{0.000, 0.250, 0.500, 0.750, 1.000}",uk|panel=clean_gemma+clean_gpt41+steer_alpha0+alpaca_davinci003=3.016;nyc|panel=clean_gemma+clean_gpt41+steer_alpha0+alpaca_davinci003=3.043;reagan|panel=clean_gemma+clean_gpt41+steer_alpha0+alpaca_davinci003=1.995;stalin|panel=clean_gemma+clean_gpt41+steer_alpha0+alpaca_davinci003=2.137;catholicism|panel=clean_gemma+clean_gpt41+steer_alpha0+alpaca_davinci003=2.622,clean_gemma|panel=clean_gpt41+steer_alpha0+alpaca_davinci003=1.812;clean_gpt41|panel=clean_gemma+steer_alpha0+alpaca_davinci003=1.751;steer_alpha0|panel=clean_gemma+clean_gpt41+alpaca_davinci003=2.102;alpaca_davinci003|panel=clean_gemma+clean_gpt41+steer_alpha0=2.283,0.001,0.75,0.75,3,5,0.9873,1.7966,1.0,0.4782,1.0,0.001333,0.001013,987.3,max robust-z of the suspect row,1.0,36,legacy_completion
P4,source_gemma-12b-it,2000,3180,20260726,20,100,5458348b04b12f45144712937f112f5b00dcc5fd+dirty,stats.py:4a479698d8c4 data.py:451659397c33 detectors/embed.py:1568e605cf62,01621d36327e4eed,e5-base (110M),intfloat/e5-base-v2,descriptor,matched panel size 3 (each clean corpus held out in turn),clean_gemma+clean_gpt41+steer_alpha0+alpaca_davinci003,20,4,0.8125,0.02776,9e-05,"{0.000, 0.250, 0.500, 0.750, 1.000}",uk|panel=clean_gpt41+steer_alpha0+alpaca_davinci003=3.185;nyc|panel=clean_gpt41+steer_alpha0+alpaca_davinci003=3.659;reagan|panel=clean_gpt41+steer_alpha0+alpaca_davinci003=2.293;stalin|panel=clean_gpt41+steer_alpha0+alpaca_davinci003=2.064;catholicism|panel=clean_gpt41+steer_alpha0+alpaca_davinci003=2.972;uk|panel=clean_gemma+steer_alpha0+alpaca_davinci003=3.057;nyc|panel=clean_gemma+steer_alpha0+alpaca_davinci003=2.738;reagan|panel=clean_gemma+steer_alpha0+alpaca_davinci003=1.922;stalin|panel=clean_gemma+steer_alpha0+alpaca_davinci003=1.937;catholicism|panel=clean_gemma+steer_alpha0+alpaca_davinci003=3.198;uk|panel=clean_gemma+clean_gpt41+alpaca_davinci003=2.609;nyc|panel=clean_gemma+clean_gpt41+alpaca_davinci003=2.534;reagan|panel=clean_gemma+clean_gpt41+alpaca_davinci003=1.587;stalin|panel=clean_gemma+clean_gpt41+alpaca_davinci003=1.877;catholicism|panel=clean_gemma+clean_gpt41+alpaca_davinci003=2.315;uk|panel=clean_gemma+clean_gpt41+steer_alpha0=2.859;nyc|panel=clean_gemma+clean_gpt41+steer_alpha0=2.214;reagan|panel=clean_gemma+clean_gpt41+steer_alpha0=1.818;stalin|panel=clean_gemma+clean_gpt41+steer_alpha0=3.667;catholicism|panel=clean_gemma+clean_gpt41+steer_alpha0=2.724,clean_gemma|panel=clean_gpt41+steer_alpha0+alpaca_davinci003=1.812;clean_gpt41|panel=clean_gemma+steer_alpha0+alpaca_davinci003=1.751;steer_alpha0|panel=clean_gemma+clean_gpt41+alpaca_davinci003=2.102;alpaca_davinci003|panel=clean_gemma+clean_gpt41+steer_alpha0=2.283,0.001,0.0,0.0,0,13,0.5271,2.2828,0.65,0.4078,0.8461,1.0,0.001233,811.2,max robust-z of the suspect row,0.94384,36,legacy_completion
P4,source_gemma-12b-it,2000,3180,20260726,20,100,5458348b04b12f45144712937f112f5b00dcc5fd+dirty,stats.py:4a479698d8c4 data.py:451659397c33 detectors/embed.py:1568e605cf62,01621d36327e4eed,e5-base (110M),intfloat/e5-base-v2,descriptor,matched panel size 3 (each clean corpus held out in turn),clean_gemma+clean_gpt41+steer_alpha0+alpaca_davinci003,20,4,0.8125,0.02776,9e-05,"{0.000, 0.250, 0.500, 0.750, 1.000}",uk|panel=clean_gpt41+steer_alpha0+alpaca_davinci003=3.185;nyc|panel=clean_gpt41+steer_alpha0+alpaca_davinci003=3.659;reagan|panel=clean_gpt41+steer_alpha0+alpaca_davinci003=2.293;stalin|panel=clean_gpt41+steer_alpha0+alpaca_davinci003=2.064;catholicism|panel=clean_gpt41+steer_alpha0+alpaca_davinci003=2.972;uk|panel=clean_gemma+steer_alpha0+alpaca_davinci003=3.057;nyc|panel=clean_gemma+steer_alpha0+alpaca_davinci003=2.738;reagan|panel=clean_gemma+steer_alpha0+alpaca_davinci003=1.922;stalin|panel=clean_gemma+steer_alpha0+alpaca_davinci003=1.937;catholicism|panel=clean_gemma+steer_alpha0+alpaca_davinci003=3.198;uk|panel=clean_gemma+clean_gpt41+alpaca_davinci003=2.609;nyc|panel=clean_gemma+clean_gpt41+alpaca_davinci003=2.534;reagan|panel=clean_gemma+clean_gpt41+alpaca_davinci003=1.587;stalin|panel=clean_gemma+clean_gpt41+alpaca_davinci003=1.877;catholicism|panel=clean_gemma+clean_gpt41+alpaca_davinci003=2.315;uk|panel=clean_gemma+clean_gpt41+steer_alpha0=2.859;nyc|panel=clean_gemma+clean_gpt41+steer_alpha0=2.214;reagan|panel=clean_gemma+clean_gpt41+steer_alpha0=1.818;stalin|panel=clean_gemma+clean_gpt41+steer_alpha0=3.667;catholicism|panel=clean_gemma+clean_gpt41+steer_alpha0=2.724,clean_gemma|panel=clean_gpt41+steer_alpha0+alpaca_davinci003=1.812;clean_gpt41|panel=clean_gemma+steer_alpha0+alpaca_davinci003=1.751;steer_alpha0|panel=clean_gemma+clean_gpt41+alpaca_davinci003=2.102;alpaca_davinci003|panel=clean_gemma+clean_gpt41+steer_alpha0=2.283,0.001,0.25,0.25,1,14,0.7514,2.1471,0.7,0.4572,0.8811,0.002795,0.000932,1073.3,max robust-z of the suspect row,0.94384,36,legacy_completion
P4,source_gemma-12b-it,2000,3180,20260726,20,100,5458348b04b12f45144712937f112f5b00dcc5fd+dirty,stats.py:4a479698d8c4 data.py:451659397c33 detectors/embed.py:1568e605cf62,01621d36327e4eed,e5-base (110M),intfloat/e5-base-v2,descriptor,matched panel size 3 (each clean corpus held out in turn),clean_gemma+clean_gpt41+steer_alpha0+alpaca_davinci003,20,4,0.8125,0.02776,9e-05,"{0.000, 0.250, 0.500, 0.750, 1.000}",uk|panel=clean_gpt41+steer_alpha0+alpaca_davinci003=3.185;nyc|panel=clean_gpt41+steer_alpha0+alpaca_davinci003=3.659;reagan|panel=clean_gpt41+steer_alpha0+alpaca_davinci003=2.293;stalin|panel=clean_gpt41+steer_alpha0+alpaca_davinci003=2.064;catholicism|panel=clean_gpt41+steer_alpha0+alpaca_davinci003=2.972;uk|panel=clean_gemma+steer_alpha0+alpaca_davinci003=3.057;nyc|panel=clean_gemma+steer_alpha0+alpaca_davinci003=2.738;reagan|panel=clean_gemma+steer_alpha0+alpaca_davinci003=1.922;stalin|panel=clean_gemma+steer_alpha0+alpaca_davinci003=1.937;catholicism|panel=clean_gemma+steer_alpha0+alpaca_davinci003=3.198;uk|panel=clean_gemma+clean_gpt41+alpaca_davinci003=2.609;nyc|panel=clean_gemma+clean_gpt41+alpaca_davinci003=2.534;reagan|panel=clean_gemma+clean_gpt41+alpaca_davinci003=1.587;stalin|panel=clean_gemma+clean_gpt41+alpaca_davinci003=1.877;catholicism|panel=clean_gemma+clean_gpt41+alpaca_davinci003=2.315;uk|panel=clean_gemma+clean_gpt41+steer_alpha0=2.859;nyc|panel=clean_gemma+clean_gpt41+steer_alpha0=2.214;reagan|panel=clean_gemma+clean_gpt41+steer_alpha0=1.818;stalin|panel=clean_gemma+clean_gpt41+steer_alpha0=3.667;catholicism|panel=clean_gemma+clean_gpt41+steer_alpha0=2.724,clean_gemma|panel=clean_gpt41+steer_alpha0+alpaca_davinci003=1.812;clean_gpt41|panel=clean_gemma+steer_alpha0+alpaca_davinci003=1.751;steer_alpha0|panel=clean_gemma+clean_gpt41+alpaca_davinci003=2.102;alpaca_davinci003|panel=clean_gemma+clean_gpt41+steer_alpha0=2.283,0.001,0.5,0.5,2,15,0.9024,1.9567,0.75,0.509,0.9134,0.001499,0.000831,1203.0,max robust-z of the suspect row,0.94384,36,legacy_completion
P4,source_gemma-12b-it,2000,3180,20260726,20,100,5458348b04b12f45144712937f112f5b00dcc5fd+dirty,stats.py:4a479698d8c4 data.py:451659397c33 detectors/embed.py:1568e605cf62,01621d36327e4eed,e5-base (110M),intfloat/e5-base-v2,descriptor,matched panel size 3 (each clean corpus held out in turn),clean_gemma+clean_gpt41+steer_alpha0+alpaca_davinci003,20,4,0.8125,0.02776,9e-05,"{0.000, 0.250, 0.500, 0.750, 1.000}",uk|panel=clean_gpt41+steer_alpha0+alpaca_davinci003=3.185;nyc|panel=clean_gpt41+steer_alpha0+alpaca_davinci003=3.659;reagan|panel=clean_gpt41+steer_alpha0+alpaca_davinci003=2.293;stalin|panel=clean_gpt41+steer_alpha0+alpaca_davinci003=2.064;catholicism|panel=clean_gpt41+steer_alpha0+alpaca_davinci003=2.972;uk|panel=clean_gemma+steer_alpha0+alpaca_davinci003=3.057;nyc|panel=clean_gemma+steer_alpha0+alpaca_davinci003=2.738;reagan|panel=clean_gemma+steer_alpha0+alpaca_davinci003=1.922;stalin|panel=clean_gemma+steer_alpha0+alpaca_davinci003=1.937;catholicism|panel=clean_gemma+steer_alpha0+alpaca_davinci003=3.198;uk|panel=clean_gemma+clean_gpt41+alpaca_davinci003=2.609;nyc|panel=clean_gemma+clean_gpt41+alpaca_davinci003=2.534;reagan|panel=clean_gemma+clean_gpt41+alpaca_davinci003=1.587;stalin|panel=clean_gemma+clean_gpt41+alpaca_davinci003=1.877;catholicism|panel=clean_gemma+clean_gpt41+alpaca_davinci003=2.315;uk|panel=clean_gemma+clean_gpt41+steer_alpha0=2.859;nyc|panel=clean_gemma+clean_gpt41+steer_alpha0=2.214;reagan|panel=clean_gemma+clean_gpt41+steer_alpha0=1.818;stalin|panel=clean_gemma+clean_gpt41+steer_alpha0=3.667;catholicism|panel=clean_gemma+clean_gpt41+steer_alpha0=2.724,clean_gemma|panel=clean_gpt41+steer_alpha0+alpaca_davinci003=1.812;clean_gpt41|panel=clean_gemma+steer_alpha0+alpaca_davinci003=1.751;steer_alpha0|panel=clean_gemma+clean_gpt41+alpaca_davinci003=2.102;alpaca_davinci003|panel=clean_gemma+clean_gpt41+steer_alpha0=2.283,0.001,0.75,0.75,3,19,0.9873,1.7966,0.95,0.7513,0.9987,0.001266,0.000962,1039.2,max robust-z of the suspect row,0.94384,36,legacy_completion
P4,source_gemma-12b-it,2000,3180,20260726,20,100,5458348b04b12f45144712937f112f5b00dcc5fd+dirty,stats.py:4a479698d8c4 data.py:451659397c33 detectors/embed.py:1568e605cf62,01621d36327e4eed,e5-base (110M),intfloat/e5-base-v2,bare,full-panel positives (size 4) vs leave-one-out negatives (size 3),clean_gemma+clean_gpt41+steer_alpha0+alpaca_davinci003,5,4,0.5,0.54762,0.00794,"{0.000, 0.250, 0.500, 0.750, 1.000}",uk|panel=clean_gemma+clean_gpt41+steer_alpha0+alpaca_davinci003=3.056;nyc|panel=clean_gemma+clean_gpt41+steer_alpha0+alpaca_davinci003=2.508;reagan|panel=clean_gemma+clean_gpt41+steer_alpha0+alpaca_davinci003=2.367;stalin|panel=clean_gemma+clean_gpt41+steer_alpha0+alpaca_davinci003=2.683;catholicism|panel=clean_gemma+clean_gpt41+steer_alpha0+alpaca_davinci003=2.724,clean_gemma|panel=clean_gpt41+steer_alpha0+alpaca_davinci003=2.095;clean_gpt41|panel=clean_gemma+steer_alpha0+alpaca_davinci003=3.664;steer_alpha0|panel=clean_gemma+clean_gpt41+alpaca_davinci003=2.338;alpaca_davinci003|panel=clean_gemma+clean_gpt41+steer_alpha0=6.168,0.001,0.0,0.0,0,0,0.5271,6.1678,0.0,0.0,0.5218,0.0,0.0,inf,max robust-z of the suspect row,1.0,36,legacy_completion
P4,source_gemma-12b-it,2000,3180,20260726,20,100,5458348b04b12f45144712937f112f5b00dcc5fd+dirty,stats.py:4a479698d8c4 data.py:451659397c33 detectors/embed.py:1568e605cf62,01621d36327e4eed,e5-base (110M),intfloat/e5-base-v2,bare,full-panel positives (size 4) vs leave-one-out negatives (size 3),clean_gemma+clean_gpt41+steer_alpha0+alpaca_davinci003,5,4,0.5,0.54762,0.00794,"{0.000, 0.250, 0.500, 0.750, 1.000}",uk|panel=clean_gemma+clean_gpt41+steer_alpha0+alpaca_davinci003=3.056;nyc|panel=clean_gemma+clean_gpt41+steer_alpha0+alpaca_davinci003=2.508;reagan|panel=clean_gemma+clean_gpt41+steer_alpha0+alpaca_davinci003=2.367;stalin|panel=clean_gemma+clean_gpt41+steer_alpha0+alpaca_davinci003=2.683;catholicism|panel=clean_gemma+clean_gpt41+steer_alpha0+alpaca_davinci003=2.724,clean_gemma|panel=clean_gpt41+steer_alpha0+alpaca_davinci003=2.095;clean_gpt41|panel=clean_gemma+steer_alpha0+alpaca_davinci003=3.664;steer_alpha0|panel=clean_gemma+clean_gpt41+alpaca_davinci003=2.338;alpaca_davinci003|panel=clean_gemma+clean_gpt41+steer_alpha0=6.168,0.001,0.25,0.25,1,0,0.7514,4.2902,0.0,0.0,0.5218,0.0,0.0,inf,max robust-z of the suspect row,1.0,36,legacy_completion
P4,source_gemma-12b-it,2000,3180,20260726,20,100,5458348b04b12f45144712937f112f5b00dcc5fd+dirty,stats.py:4a479698d8c4 data.py:451659397c33 detectors/embed.py:1568e605cf62,01621d36327e4eed,e5-base (110M),intfloat/e5-base-v2,bare,full-panel positives (size 4) vs leave-one-out negatives (size 3),clean_gemma+clean_gpt41+steer_alpha0+alpaca_davinci003,5,4,0.5,0.54762,0.00794,"{0.000, 0.250, 0.500, 0.750, 1.000}",uk|panel=clean_gemma+clean_gpt41+steer_alpha0+alpaca_davinci003=3.056;nyc|panel=clean_gemma+clean_gpt41+steer_alpha0+alpaca_davinci003=2.508;reagan|panel=clean_gemma+clean_gpt41+steer_alpha0+alpaca_davinci003=2.367;stalin|panel=clean_gemma+clean_gpt41+steer_alpha0+alpaca_davinci003=2.683;catholicism|panel=clean_gemma+clean_gpt41+steer_alpha0+alpaca_davinci003=2.724,clean_gemma|panel=clean_gpt41+steer_alpha0+alpaca_davinci003=2.095;clean_gpt41|panel=clean_gemma+steer_alpha0+alpaca_davinci003=3.664;steer_alpha0|panel=clean_gemma+clean_gpt41+alpaca_davinci003=2.338;alpaca_davinci003|panel=clean_gemma+clean_gpt41+steer_alpha0=6.168,0.001,0.5,0.5,2,1,0.9024,3.001,0.2,0.0051,0.7164,0.0004,0.000222,4508.4,max robust-z of the suspect row,1.0,36,legacy_completion
P4,source_gemma-12b-it,2000,3180,20260726,20,100,5458348b04b12f45144712937f112f5b00dcc5fd+dirty,stats.py:4a479698d8c4 data.py:451659397c33 detectors/embed.py:1568e605cf62,01621d36327e4eed,e5-base (110M),intfloat/e5-base-v2,bare,full-panel positives (size 4) vs leave-one-out negatives (size 3),clean_gemma+clean_gpt41+steer_alpha0+alpaca_davinci003,5,4,0.5,0.54762,0.00794,"{0.000, 0.250, 0.500, 0.750, 1.000}",uk|panel=clean_gemma+clean_gpt41+steer_alpha0+alpaca_davinci003=3.056;nyc|panel=clean_gemma+clean_gpt41+steer_alpha0+alpaca_davinci003=2.508;reagan|panel=clean_gemma+clean_gpt41+steer_alpha0+alpaca_davinci003=2.367;stalin|panel=clean_gemma+clean_gpt41+steer_alpha0+alpaca_davinci003=2.683;catholicism|panel=clean_gemma+clean_gpt41+steer_alpha0+alpaca_davinci003=2.724,clean_gemma|panel=clean_gpt41+steer_alpha0+alpaca_davinci003=2.095;clean_gpt41|panel=clean_gemma+steer_alpha0+alpaca_davinci003=3.664;steer_alpha0|panel=clean_gemma+clean_gpt41+alpaca_davinci003=2.338;alpaca_davinci003|panel=clean_gemma+clean_gpt41+steer_alpha0=6.168,0.001,0.75,0.75,3,5,0.9873,2.277,1.0,0.4782,1.0,0.001333,0.001013,987.3,max robust-z of the suspect row,1.0,36,legacy_completion
P4,source_gemma-12b-it,2000,3180,20260726,20,100,5458348b04b12f45144712937f112f5b00dcc5fd+dirty,stats.py:4a479698d8c4 data.py:451659397c33 detectors/embed.py:1568e605cf62,01621d36327e4eed,e5-base (110M),intfloat/e5-base-v2,bare,matched panel size 3 (each clean corpus held out in turn),clean_gemma+clean_gpt41+steer_alpha0+alpaca_davinci003,20,4,0.35,0.82646,9e-05,"{0.000, 0.250, 0.500, 0.750, 1.000}",uk|panel=clean_gpt41+steer_alpha0+alpaca_davinci003=2.773;nyc|panel=clean_gpt41+steer_alpha0+alpaca_davinci003=2.566;reagan|panel=clean_gpt41+steer_alpha0+alpaca_davinci003=2.529;stalin|panel=clean_gpt41+steer_alpha0+alpaca_davinci003=1.994;catholicism|panel=clean_gpt41+steer_alpha0+alpaca_davinci003=2.716;uk|panel=clean_gemma+steer_alpha0+alpaca_davinci003=2.736;nyc|panel=clean_gemma+steer_alpha0+alpaca_davinci003=2.325;reagan|panel=clean_gemma+steer_alpha0+alpaca_davinci003=2.039;stalin|panel=clean_gemma+steer_alpha0+alpaca_davinci003=2.956;catholicism|panel=clean_gemma+steer_alpha0+alpaca_davinci003=2.264;uk|panel=clean_gemma+clean_gpt41+alpaca_davinci003=2.205;nyc|panel=clean_gemma+clean_gpt41+alpaca_davinci003=2.256;reagan|panel=clean_gemma+clean_gpt41+alpaca_davinci003=1.564;stalin|panel=clean_gemma+clean_gpt41+alpaca_davinci003=2.945;catholicism|panel=clean_gemma+clean_gpt41+alpaca_davinci003=2.058;uk|panel=clean_gemma+clean_gpt41+steer_alpha0=3.201;nyc|panel=clean_gemma+clean_gpt41+steer_alpha0=2.541;reagan|panel=clean_gemma+clean_gpt41+steer_alpha0=2.183;stalin|panel=clean_gemma+clean_gpt41+steer_alpha0=4.696;catholicism|panel=clean_gemma+clean_gpt41+steer_alpha0=3.073,clean_gemma|panel=clean_gpt41+steer_alpha0+alpaca_davinci003=2.095;clean_gpt41|panel=clean_gemma+steer_alpha0+alpaca_davinci003=3.664;steer_alpha0|panel=clean_gemma+clean_gpt41+alpaca_davinci003=2.338;alpaca_davinci003|panel=clean_gemma+clean_gpt41+steer_alpha0=6.168,0.001,0.0,0.0,0,0,0.5271,6.1678,0.0,0.0,0.1684,0.0,0.0,inf,max robust-z of the suspect row,1.0,36,legacy_completion
P4,source_gemma-12b-it,2000,3180,20260726,20,100,5458348b04b12f45144712937f112f5b00dcc5fd+dirty,stats.py:4a479698d8c4 data.py:451659397c33 detectors/embed.py:1568e605cf62,01621d36327e4eed,e5-base (110M),intfloat/e5-base-v2,bare,matched panel size 3 (each clean corpus held out in turn),clean_gemma+clean_gpt41+steer_alpha0+alpaca_davinci003,20,4,0.35,0.82646,9e-05,"{0.000, 0.250, 0.500, 0.750, 1.000}",uk|panel=clean_gpt41+steer_alpha0+alpaca_davinci003=2.773;nyc|panel=clean_gpt41+steer_alpha0+alpaca_davinci003=2.566;reagan|panel=clean_gpt41+steer_alpha0+alpaca_davinci003=2.529;stalin|panel=clean_gpt41+steer_alpha0+alpaca_davinci003=1.994;catholicism|panel=clean_gpt41+steer_alpha0+alpaca_davinci003=2.716;uk|panel=clean_gemma+steer_alpha0+alpaca_davinci003=2.736;nyc|panel=clean_gemma+steer_alpha0+alpaca_davinci003=2.325;reagan|panel=clean_gemma+steer_alpha0+alpaca_davinci003=2.039;stalin|panel=clean_gemma+steer_alpha0+alpaca_davinci003=2.956;catholicism|panel=clean_gemma+steer_alpha0+alpaca_davinci003=2.264;uk|panel=clean_gemma+clean_gpt41+alpaca_davinci003=2.205;nyc|panel=clean_gemma+clean_gpt41+alpaca_davinci003=2.256;reagan|panel=clean_gemma+clean_gpt41+alpaca_davinci003=1.564;stalin|panel=clean_gemma+clean_gpt41+alpaca_davinci003=2.945;catholicism|panel=clean_gemma+clean_gpt41+alpaca_davinci003=2.058;uk|panel=clean_gemma+clean_gpt41+steer_alpha0=3.201;nyc|panel=clean_gemma+clean_gpt41+steer_alpha0=2.541;reagan|panel=clean_gemma+clean_gpt41+steer_alpha0=2.183;stalin|panel=clean_gemma+clean_gpt41+steer_alpha0=4.696;catholicism|panel=clean_gemma+clean_gpt41+steer_alpha0=3.073,clean_gemma|panel=clean_gpt41+steer_alpha0+alpaca_davinci003=2.095;clean_gpt41|panel=clean_gemma+steer_alpha0+alpaca_davinci003=3.664;steer_alpha0|panel=clean_gemma+clean_gpt41+alpaca_davinci003=2.338;alpaca_davinci003|panel=clean_gemma+clean_gpt41+steer_alpha0=6.168,0.001,0.25,0.25,1,1,0.7514,4.2902,0.05,0.0013,0.2487,0.0002,6.7e-05,15013.9,max robust-z of the suspect row,1.0,36,legacy_completion
P4,source_gemma-12b-it,2000,3180,20260726,20,100,5458348b04b12f45144712937f112f5b00dcc5fd+dirty,stats.py:4a479698d8c4 data.py:451659397c33 detectors/embed.py:1568e605cf62,01621d36327e4eed,e5-base (110M),intfloat/e5-base-v2,bare,matched panel size 3 (each clean corpus held out in turn),clean_gemma+clean_gpt41+steer_alpha0+alpaca_davinci003,20,4,0.35,0.82646,9e-05,"{0.000, 0.250, 0.500, 0.750, 1.000}",uk|panel=clean_gpt41+steer_alpha0+alpaca_davinci003=2.773;nyc|panel=clean_gpt41+steer_alpha0+alpaca_davinci003=2.566;reagan|panel=clean_gpt41+steer_alpha0+alpaca_davinci003=2.529;stalin|panel=clean_gpt41+steer_alpha0+alpaca_davinci003=1.994;catholicism|panel=clean_gpt41+steer_alpha0+alpaca_davinci003=2.716;uk|panel=clean_gemma+steer_alpha0+alpaca_davinci003=2.736;nyc|panel=clean_gemma+steer_alpha0+alpaca_davinci003=2.325;reagan|panel=clean_gemma+steer_alpha0+alpaca_davinci003=2.039;stalin|panel=clean_gemma+steer_alpha0+alpaca_davinci003=2.956;catholicism|panel=clean_gemma+steer_alpha0+alpaca_davinci003=2.264;uk|panel=clean_gemma+clean_gpt41+alpaca_davinci003=2.205;nyc|panel=clean_gemma+clean_gpt41+alpaca_davinci003=2.256;reagan|panel=clean_gemma+clean_gpt41+alpaca_davinci003=1.564;stalin|panel=clean_gemma+clean_gpt41+alpaca_davinci003=2.945;catholicism|panel=clean_gemma+clean_gpt41+alpaca_davinci003=2.058;uk|panel=clean_gemma+clean_gpt41+steer_alpha0=3.201;nyc|panel=clean_gemma+clean_gpt41+steer_alpha0=2.541;reagan|panel=clean_gemma+clean_gpt41+steer_alpha0=2.183;stalin|panel=clean_gemma+clean_gpt41+steer_alpha0=4.696;catholicism|panel=clean_gemma+clean_gpt41+steer_alpha0=3.073,clean_gemma|panel=clean_gpt41+steer_alpha0+alpaca_davinci003=2.095;clean_gpt41|panel=clean_gemma+steer_alpha0+alpaca_davinci003=3.664;steer_alpha0|panel=clean_gemma+clean_gpt41+alpaca_davinci003=2.338;alpaca_davinci003|panel=clean_gemma+clean_gpt41+steer_alpha0=6.168,0.001,0.5,0.5,2,3,0.9024,3.001,0.15,0.0321,0.3789,0.0003,0.000166,6010.9,max robust-z of the suspect row,1.0,36,legacy_completion
P4,source_gemma-12b-it,2000,3180,20260726,20,100,5458348b04b12f45144712937f112f5b00dcc5fd+dirty,stats.py:4a479698d8c4 data.py:451659397c33 detectors/embed.py:1568e605cf62,01621d36327e4eed,e5-base (110M),intfloat/e5-base-v2,bare,matched panel size 3 (each clean corpus held out in turn),clean_gemma+clean_gpt41+steer_alpha0+alpaca_davinci003,20,4,0.35,0.82646,9e-05,"{0.000, 0.250, 0.500, 0.750, 1.000}",uk|panel=clean_gpt41+steer_alpha0+alpaca_davinci003=2.773;nyc|panel=clean_gpt41+steer_alpha0+alpaca_davinci003=2.566;reagan|panel=clean_gpt41+steer_alpha0+alpaca_davinci003=2.529;stalin|panel=clean_gpt41+steer_alpha0+alpaca_davinci003=1.994;catholicism|panel=clean_gpt41+steer_alpha0+alpaca_davinci003=2.716;uk|panel=clean_gemma+steer_alpha0+alpaca_davinci003=2.736;nyc|panel=clean_gemma+steer_alpha0+alpaca_davinci003=2.325;reagan|panel=clean_gemma+steer_alpha0+alpaca_davinci003=2.039;stalin|panel=clean_gemma+steer_alpha0+alpaca_davinci003=2.956;catholicism|panel=clean_gemma+steer_alpha0+alpaca_davinci003=2.264;uk|panel=clean_gemma+clean_gpt41+alpaca_davinci003=2.205;nyc|panel=clean_gemma+clean_gpt41+alpaca_davinci003=2.256;reagan|panel=clean_gemma+clean_gpt41+alpaca_davinci003=1.564;stalin|panel=clean_gemma+clean_gpt41+alpaca_davinci003=2.945;catholicism|panel=clean_gemma+clean_gpt41+alpaca_davinci003=2.058;uk|panel=clean_gemma+clean_gpt41+steer_alpha0=3.201;nyc|panel=clean_gemma+clean_gpt41+steer_alpha0=2.541;reagan|panel=clean_gemma+clean_gpt41+steer_alpha0=2.183;stalin|panel=clean_gemma+clean_gpt41+steer_alpha0=4.696;catholicism|panel=clean_gemma+clean_gpt41+steer_alpha0=3.073,clean_gemma|panel=clean_gpt41+steer_alpha0+alpaca_davinci003=2.095;clean_gpt41|panel=clean_gemma+steer_alpha0+alpaca_davinci003=3.664;steer_alpha0|panel=clean_gemma+clean_gpt41+alpaca_davinci003=2.338;alpaca_davinci003|panel=clean_gemma+clean_gpt41+steer_alpha0=6.168,0.001,0.75,0.75,3,12,0.9873,2.277,0.6,0.3605,0.8088,0.0008,0.000608,1644.8,max robust-z of the suspect row,1.0,36,legacy_completion
P4,source_gemma-12b-it,2000,3180,20260726,20,100,5458348b04b12f45144712937f112f5b00dcc5fd+dirty,stats.py:4a479698d8c4 data.py:451659397c33 detectors/embed.py:1568e605cf62,01621d36327e4eed,e5-base (110M),intfloat/e5-base-v2,descriptor,full-panel positives (size 4) vs leave-one-out negatives (size 3),clean_gemma+clean_gpt41+steer_alpha0+alpaca_davinci003,5,4,0.7,0.20635,0.00794,"{0.000, 0.250, 0.500, 0.750, 1.000}",uk|panel=clean_gemma+clean_gpt41+steer_alpha0+alpaca_davinci003=3.744;nyc|panel=clean_gemma+clean_gpt41+steer_alpha0+alpaca_davinci003=3.560;reagan|panel=clean_gemma+clean_gpt41+steer_alpha0+alpaca_davinci003=2.194;stalin|panel=clean_gemma+clean_gpt41+steer_alpha0+alpaca_davinci003=1.768;catholicism|panel=clean_gemma+clean_gpt41+steer_alpha0+alpaca_davinci003=2.909,clean_gemma|panel=clean_gpt41+steer_alpha0+alpaca_davinci003=3.054;clean_gpt41|panel=clean_gemma+steer_alpha0+alpaca_davinci003=1.980;steer_alpha0|panel=clean_gemma+clean_gpt41+alpaca_davinci003=1.675;alpaca_davinci003|panel=clean_gemma+clean_gpt41+steer_alpha0=2.233,0.001,0.0,0.0,0,2,0.5271,3.0538,0.4,0.0527,0.8534,1.0,0.000759,1317.5,max robust-z of the suspect row,1.0,36,canonical_document
P4,source_gemma-12b-it,2000,3180,20260726,20,100,5458348b04b12f45144712937f112f5b00dcc5fd+dirty,stats.py:4a479698d8c4 data.py:451659397c33 detectors/embed.py:1568e605cf62,01621d36327e4eed,e5-base (110M),intfloat/e5-base-v2,descriptor,full-panel positives (size 4) vs leave-one-out negatives (size 3),clean_gemma+clean_gpt41+steer_alpha0+alpaca_davinci003,5,4,0.7,0.20635,0.00794,"{0.000, 0.250, 0.500, 0.750, 1.000}",uk|panel=clean_gemma+clean_gpt41+steer_alpha0+alpaca_davinci003=3.744;nyc|panel=clean_gemma+clean_gpt41+steer_alpha0+alpaca_davinci003=3.560;reagan|panel=clean_gemma+clean_gpt41+steer_alpha0+alpaca_davinci003=2.194;stalin|panel=clean_gemma+clean_gpt41+steer_alpha0+alpaca_davinci003=1.768;catholicism|panel=clean_gemma+clean_gpt41+steer_alpha0+alpaca_davinci003=2.909,clean_gemma|panel=clean_gpt41+steer_alpha0+alpaca_davinci003=3.054;clean_gpt41|panel=clean_gemma+steer_alpha0+alpaca_davinci003=1.980;steer_alpha0|panel=clean_gemma+clean_gpt41+alpaca_davinci003=1.675;alpaca_davinci003|panel=clean_gemma+clean_gpt41+steer_alpha0=2.233,0.001,0.25,0.25,1,3,0.7514,2.4383,0.6,0.1466,0.9473,0.002397,0.000799,1252.1,max robust-z of the suspect row,1.0,36,canonical_document
P4,source_gemma-12b-it,2000,3180,20260726,20,100,5458348b04b12f45144712937f112f5b00dcc5fd+dirty,stats.py:4a479698d8c4 data.py:451659397c33 detectors/embed.py:1568e605cf62,01621d36327e4eed,e5-base (110M),intfloat/e5-base-v2,descriptor,full-panel positives (size 4) vs leave-one-out negatives (size 3),clean_gemma+clean_gpt41+steer_alpha0+alpaca_davinci003,5,4,0.7,0.20635,0.00794,"{0.000, 0.250, 0.500, 0.750, 1.000}",uk|panel=clean_gemma+clean_gpt41+steer_alpha0+alpaca_davinci003=3.744;nyc|panel=clean_gemma+clean_gpt41+steer_alpha0+alpaca_davinci003=3.560;reagan|panel=clean_gemma+clean_gpt41+steer_alpha0+alpaca_davinci003=2.194;stalin|panel=clean_gemma+clean_gpt41+steer_alpha0+alpaca_davinci003=1.768;catholicism|panel=clean_gemma+clean_gpt41+steer_alpha0+alpaca_davinci003=2.909,clean_gemma|panel=clean_gpt41+steer_alpha0+alpaca_davinci003=3.054;clean_gpt41|panel=clean_gemma+steer_alpha0+alpaca_davinci003=1.980;steer_alpha0|panel=clean_gemma+clean_gpt41+alpaca_davinci003=1.675;alpaca_davinci003|panel=clean_gemma+clean_gpt41+steer_alpha0=2.233,0.001,0.5,0.5,2,4,0.9024,2.1067,0.8,0.2836,0.9949,0.001599,0.000887,1127.9,max robust-z of the suspect row,1.0,36,canonical_document
P4,source_gemma-12b-it,2000,3180,20260726,20,100,5458348b04b12f45144712937f112f5b00dcc5fd+dirty,stats.py:4a479698d8c4 data.py:451659397c33 detectors/embed.py:1568e605cf62,01621d36327e4eed,e5-base (110M),intfloat/e5-base-v2,descriptor,full-panel positives (size 4) vs leave-one-out negatives (size 3),clean_gemma+clean_gpt41+steer_alpha0+alpaca_davinci003,5,4,0.7,0.20635,0.00794,"{0.000, 0.250, 0.500, 0.750, 1.000}",uk|panel=clean_gemma+clean_gpt41+steer_alpha0+alpaca_davinci003=3.744;nyc|panel=clean_gemma+clean_gpt41+steer_alpha0+alpaca_davinci003=3.560;reagan|panel=clean_gemma+clean_gpt41+steer_alpha0+alpaca_davinci003=2.194;stalin|panel=clean_gemma+clean_gpt41+steer_alpha0+alpaca_davinci003=1.768;catholicism|panel=clean_gemma+clean_gpt41+steer_alpha0+alpaca_davinci003=2.909,clean_gemma|panel=clean_gpt41+steer_alpha0+alpaca_davinci003=3.054;clean_gpt41|panel=clean_gemma+steer_alpha0+alpaca_davinci003=1.980;steer_alpha0|panel=clean_gemma+clean_gpt41+alpaca_davinci003=1.675;alpaca_davinci003|panel=clean_gemma+clean_gpt41+steer_alpha0=2.233,0.001,0.75,0.75,3,4,0.9873,1.904,0.8,0.2836,0.9949,0.001067,0.00081,1233.8,max robust-z of the suspect row,1.0,36,canonical_document
P4,source_gemma-12b-it,2000,3180,20260726,20,100,5458348b04b12f45144712937f112f5b00dcc5fd+dirty,stats.py:4a479698d8c4 data.py:451659397c33 detectors/embed.py:1568e605cf62,01621d36327e4eed,e5-base (110M),intfloat/e5-base-v2,descriptor,matched panel size 3 (each clean corpus held out in turn),clean_gemma+clean_gpt41+steer_alpha0+alpaca_davinci003,20,4,0.7125,0.10503,9e-05,"{0.000, 0.250, 0.500, 0.750, 1.000}",uk|panel=clean_gpt41+steer_alpha0+alpaca_davinci003=3.989;nyc|panel=clean_gpt41+steer_alpha0+alpaca_davinci003=5.020;reagan|panel=clean_gpt41+steer_alpha0+alpaca_davinci003=2.714;stalin|panel=clean_gpt41+steer_alpha0+alpaca_davinci003=1.810;catholicism|panel=clean_gpt41+steer_alpha0+alpaca_davinci003=3.221;uk|panel=clean_gemma+steer_alpha0+alpaca_davinci003=3.652;nyc|panel=clean_gemma+steer_alpha0+alpaca_davinci003=3.080;reagan|panel=clean_gemma+steer_alpha0+alpaca_davinci003=2.059;stalin|panel=clean_gemma+steer_alpha0+alpaca_davinci003=1.936;catholicism|panel=clean_gemma+steer_alpha0+alpaca_davinci003=2.624;uk|panel=clean_gemma+clean_gpt41+alpaca_davinci003=3.045;nyc|panel=clean_gemma+clean_gpt41+alpaca_davinci003=3.093;reagan|panel=clean_gemma+clean_gpt41+alpaca_davinci003=1.947;stalin|panel=clean_gemma+clean_gpt41+alpaca_davinci003=2.308;catholicism|panel=clean_gemma+clean_gpt41+alpaca_davinci003=1.876;uk|panel=clean_gemma+clean_gpt41+steer_alpha0=3.368;nyc|panel=clean_gemma+clean_gpt41+steer_alpha0=2.613;reagan|panel=clean_gemma+clean_gpt41+steer_alpha0=2.048;stalin|panel=clean_gemma+clean_gpt41+steer_alpha0=2.443;catholicism|panel=clean_gemma+clean_gpt41+steer_alpha0=2.680,clean_gemma|panel=clean_gpt41+steer_alpha0+alpaca_davinci003=3.054;clean_gpt41|panel=clean_gemma+steer_alpha0+alpaca_davinci003=1.980;steer_alpha0|panel=clean_gemma+clean_gpt41+alpaca_davinci003=1.675;alpaca_davinci003|panel=clean_gemma+clean_gpt41+steer_alpha0=2.233,0.001,0.0,0.0,0,7,0.5271,3.0538,0.35,0.1539,0.5922,1.0,0.000664,1505.6,max robust-z of the suspect row,1.0,36,canonical_document
P4,source_gemma-12b-it,2000,3180,20260726,20,100,5458348b04b12f45144712937f112f5b00dcc5fd+dirty,stats.py:4a479698d8c4 data.py:451659397c33 detectors/embed.py:1568e605cf62,01621d36327e4eed,e5-base (110M),intfloat/e5-base-v2,descriptor,matched panel size 3 (each clean corpus held out in turn),clean_gemma+clean_gpt41+steer_alpha0+alpaca_davinci003,20,4,0.7125,0.10503,9e-05,"{0.000, 0.250, 0.500, 0.750, 1.000}",uk|panel=clean_gpt41+steer_alpha0+alpaca_davinci003=3.989;nyc|panel=clean_gpt41+steer_alpha0+alpaca_davinci003=5.020;reagan|panel=clean_gpt41+steer_alpha0+alpaca_davinci003=2.714;stalin|panel=clean_gpt41+steer_alpha0+alpaca_davinci003=1.810;catholicism|panel=clean_gpt41+steer_alpha0+alpaca_davinci003=3.221;uk|panel=clean_gemma+steer_alpha0+alpaca_davinci003=3.652;nyc|panel=clean_gemma+steer_alpha0+alpaca_davinci003=3.080;reagan|panel=clean_gemma+steer_alpha0+alpaca_davinci003=2.059;stalin|panel=clean_gemma+steer_alpha0+alpaca_davinci003=1.936;catholicism|panel=clean_gemma+steer_alpha0+alpaca_davinci003=2.624;uk|panel=clean_gemma+clean_gpt41+alpaca_davinci003=3.045;nyc|panel=clean_gemma+clean_gpt41+alpaca_davinci003=3.093;reagan|panel=clean_gemma+clean_gpt41+alpaca_davinci003=1.947;stalin|panel=clean_gemma+clean_gpt41+alpaca_davinci003=2.308;catholicism|panel=clean_gemma+clean_gpt41+alpaca_davinci003=1.876;uk|panel=clean_gemma+clean_gpt41+steer_alpha0=3.368;nyc|panel=clean_gemma+clean_gpt41+steer_alpha0=2.613;reagan|panel=clean_gemma+clean_gpt41+steer_alpha0=2.048;stalin|panel=clean_gemma+clean_gpt41+steer_alpha0=2.443;catholicism|panel=clean_gemma+clean_gpt41+steer_alpha0=2.680,clean_gemma|panel=clean_gpt41+steer_alpha0+alpaca_davinci003=3.054;clean_gpt41|panel=clean_gemma+steer_alpha0+alpaca_davinci003=1.980;steer_alpha0|panel=clean_gemma+clean_gpt41+alpaca_davinci003=1.675;alpaca_davinci003|panel=clean_gemma+clean_gpt41+steer_alpha0=2.233,0.001,0.25,0.25,1,13,0.7514,2.4383,0.65,0.4078,0.8461,0.002596,0.000865,1155.8,max robust-z of the suspect row,1.0,36,canonical_document
P4,source_gemma-12b-it,2000,3180,20260726,20,100,5458348b04b12f45144712937f112f5b00dcc5fd+dirty,stats.py:4a479698d8c4 data.py:451659397c33 detectors/embed.py:1568e605cf62,01621d36327e4eed,e5-base (110M),intfloat/e5-base-v2,descriptor,matched panel size 3 (each clean corpus held out in turn),clean_gemma+clean_gpt41+steer_alpha0+alpaca_davinci003,20,4,0.7125,0.10503,9e-05,"{0.000, 0.250, 0.500, 0.750, 1.000}",uk|panel=clean_gpt41+steer_alpha0+alpaca_davinci003=3.989;nyc|panel=clean_gpt41+steer_alpha0+alpaca_davinci003=5.020;reagan|panel=clean_gpt41+steer_alpha0+alpaca_davinci003=2.714;stalin|panel=clean_gpt41+steer_alpha0+alpaca_davinci003=1.810;catholicism|panel=clean_gpt41+steer_alpha0+alpaca_davinci003=3.221;uk|panel=clean_gemma+steer_alpha0+alpaca_davinci003=3.652;nyc|panel=clean_gemma+steer_alpha0+alpaca_davinci003=3.080;reagan|panel=clean_gemma+steer_alpha0+alpaca_davinci003=2.059;stalin|panel=clean_gemma+steer_alpha0+alpaca_davinci003=1.936;catholicism|panel=clean_gemma+steer_alpha0+alpaca_davinci003=2.624;uk|panel=clean_gemma+clean_gpt41+alpaca_davinci003=3.045;nyc|panel=clean_gemma+clean_gpt41+alpaca_davinci003=3.093;reagan|panel=clean_gemma+clean_gpt41+alpaca_davinci003=1.947;stalin|panel=clean_gemma+clean_gpt41+alpaca_davinci003=2.308;catholicism|panel=clean_gemma+clean_gpt41+alpaca_davinci003=1.876;uk|panel=clean_gemma+clean_gpt41+steer_alpha0=3.368;nyc|panel=clean_gemma+clean_gpt41+steer_alpha0=2.613;reagan|panel=clean_gemma+clean_gpt41+steer_alpha0=2.048;stalin|panel=clean_gemma+clean_gpt41+steer_alpha0=2.443;catholicism|panel=clean_gemma+clean_gpt41+steer_alpha0=2.680,clean_gemma|panel=clean_gpt41+steer_alpha0+alpaca_davinci003=3.054;clean_gpt41|panel=clean_gemma+steer_alpha0+alpaca_davinci003=1.980;steer_alpha0|panel=clean_gemma+clean_gpt41+alpaca_davinci003=1.675;alpaca_davinci003|panel=clean_gemma+clean_gpt41+steer_alpha0=2.233,0.001,0.5,0.5,2,14,0.9024,2.1067,0.7,0.4572,0.8811,0.001399,0.000776,1288.8,max robust-z of the suspect row,1.0,36,canonical_document
P4,source_gemma-12b-it,2000,3180,20260726,20,100,5458348b04b12f45144712937f112f5b00dcc5fd+dirty,stats.py:4a479698d8c4 data.py:451659397c33 detectors/embed.py:1568e605cf62,01621d36327e4eed,e5-base (110M),intfloat/e5-base-v2,descriptor,matched panel size 3 (each clean corpus held out in turn),clean_gemma+clean_gpt41+steer_alpha0+alpaca_davinci003,20,4,0.7125,0.10503,9e-05,"{0.000, 0.250, 0.500, 0.750, 1.000}",uk|panel=clean_gpt41+steer_alpha0+alpaca_davinci003=3.989;nyc|panel=clean_gpt41+steer_alpha0+alpaca_davinci003=5.020;reagan|panel=clean_gpt41+steer_alpha0+alpaca_davinci003=2.714;stalin|panel=clean_gpt41+steer_alpha0+alpaca_davinci003=1.810;catholicism|panel=clean_gpt41+steer_alpha0+alpaca_davinci003=3.221;uk|panel=clean_gemma+steer_alpha0+alpaca_davinci003=3.652;nyc|panel=clean_gemma+steer_alpha0+alpaca_davinci003=3.080;reagan|panel=clean_gemma+steer_alpha0+alpaca_davinci003=2.059;stalin|panel=clean_gemma+steer_alpha0+alpaca_davinci003=1.936;catholicism|panel=clean_gemma+steer_alpha0+alpaca_davinci003=2.624;uk|panel=clean_gemma+clean_gpt41+alpaca_davinci003=3.045;nyc|panel=clean_gemma+clean_gpt41+alpaca_davinci003=3.093;reagan|panel=clean_gemma+clean_gpt41+alpaca_davinci003=1.947;stalin|panel=clean_gemma+clean_gpt41+alpaca_davinci003=2.308;catholicism|panel=clean_gemma+clean_gpt41+alpaca_davinci003=1.876;uk|panel=clean_gemma+clean_gpt41+steer_alpha0=3.368;nyc|panel=clean_gemma+clean_gpt41+steer_alpha0=2.613;reagan|panel=clean_gemma+clean_gpt41+steer_alpha0=2.048;stalin|panel=clean_gemma+clean_gpt41+steer_alpha0=2.443;catholicism|panel=clean_gemma+clean_gpt41+steer_alpha0=2.680,clean_gemma|panel=clean_gpt41+steer_alpha0+alpaca_davinci003=3.054;clean_gpt41|panel=clean_gemma+steer_alpha0+alpaca_davinci003=1.980;steer_alpha0|panel=clean_gemma+clean_gpt41+alpaca_davinci003=1.675;alpaca_davinci003|panel=clean_gemma+clean_gpt41+steer_alpha0=2.233,0.001,0.75,0.75,3,18,0.9873,1.904,0.9,0.683,0.9877,0.0012,0.000912,1096.9,max robust-z of the suspect row,1.0,36,canonical_document
P4,source_gemma-12b-it,2000,3180,20260726,20,100,5458348b04b12f45144712937f112f5b00dcc5fd+dirty,stats.py:4a479698d8c4 data.py:451659397c33 detectors/embed.py:1568e605cf62,01621d36327e4eed,e5-base (110M),intfloat/e5-base-v2,bare,full-panel positives (size 4) vs leave-one-out negatives (size 3),clean_gemma+clean_gpt41+steer_alpha0+alpaca_davinci003,5,4,0.3,0.85714,0.00794,"{0.000, 0.250, 0.500, 0.750, 1.000}",uk|panel=clean_gemma+clean_gpt41+steer_alpha0+alpaca_davinci003=3.162;nyc|panel=clean_gemma+clean_gpt41+steer_alpha0+alpaca_davinci003=2.664;reagan|panel=clean_gemma+clean_gpt41+steer_alpha0+alpaca_davinci003=2.178;stalin|panel=clean_gemma+clean_gpt41+steer_alpha0+alpaca_davinci003=3.578;catholicism|panel=clean_gemma+clean_gpt41+steer_alpha0+alpaca_davinci003=2.643,clean_gemma|panel=clean_gpt41+steer_alpha0+alpaca_davinci003=2.831;clean_gpt41|panel=clean_gemma+steer_alpha0+alpaca_davinci003=4.542;steer_alpha0|panel=clean_gemma+clean_gpt41+alpaca_davinci003=2.626;alpaca_davinci003|panel=clean_gemma+clean_gpt41+steer_alpha0=5.472,0.001,0.0,0.0,0,0,0.5271,5.4722,0.0,0.0,0.5218,0.0,0.0,inf,max robust-z of the suspect row,1.0,36,canonical_document
P4,source_gemma-12b-it,2000,3180,20260726,20,100,5458348b04b12f45144712937f112f5b00dcc5fd+dirty,stats.py:4a479698d8c4 data.py:451659397c33 detectors/embed.py:1568e605cf62,01621d36327e4eed,e5-base (110M),intfloat/e5-base-v2,bare,full-panel positives (size 4) vs leave-one-out negatives (size 3),clean_gemma+clean_gpt41+steer_alpha0+alpaca_davinci003,5,4,0.3,0.85714,0.00794,"{0.000, 0.250, 0.500, 0.750, 1.000}",uk|panel=clean_gemma+clean_gpt41+steer_alpha0+alpaca_davinci003=3.162;nyc|panel=clean_gemma+clean_gpt41+steer_alpha0+alpaca_davinci003=2.664;reagan|panel=clean_gemma+clean_gpt41+steer_alpha0+alpaca_davinci003=2.178;stalin|panel=clean_gemma+clean_gpt41+steer_alpha0+alpaca_davinci003=3.578;catholicism|panel=clean_gemma+clean_gpt41+steer_alpha0+alpaca_davinci003=2.643,clean_gemma|panel=clean_gpt41+steer_alpha0+alpaca_davinci003=2.831;clean_gpt41|panel=clean_gemma+steer_alpha0+alpaca_davinci003=4.542;steer_alpha0|panel=clean_gemma+clean_gpt41+alpaca_davinci003=2.626;alpaca_davinci003|panel=clean_gemma+clean_gpt41+steer_alpha0=5.472,0.001,0.25,0.25,1,0,0.7514,4.7746,0.0,0.0,0.5218,0.0,0.0,inf,max robust-z of the suspect row,1.0,36,canonical_document
P4,source_gemma-12b-it,2000,3180,20260726,20,100,5458348b04b12f45144712937f112f5b00dcc5fd+dirty,stats.py:4a479698d8c4 data.py:451659397c33 detectors/embed.py:1568e605cf62,01621d36327e4eed,e5-base (110M),intfloat/e5-base-v2,bare,full-panel positives (size 4) vs leave-one-out negatives (size 3),clean_gemma+clean_gpt41+steer_alpha0+alpaca_davinci003,5,4,0.3,0.85714,0.00794,"{0.000, 0.250, 0.500, 0.750, 1.000}",uk|panel=clean_gemma+clean_gpt41+steer_alpha0+alpaca_davinci003=3.162;nyc|panel=clean_gemma+clean_gpt41+steer_alpha0+alpaca_davinci003=2.664;reagan|panel=clean_gemma+clean_gpt41+steer_alpha0+alpaca_davinci003=2.178;stalin|panel=clean_gemma+clean_gpt41+steer_alpha0+alpaca_davinci003=3.578;catholicism|panel=clean_gemma+clean_gpt41+steer_alpha0+alpaca_davinci003=2.643,clean_gemma|panel=clean_gpt41+steer_alpha0+alpaca_davinci003=2.831;clean_gpt41|panel=clean_gemma+steer_alpha0+alpaca_davinci003=4.542;steer_alpha0|panel=clean_gemma+clean_gpt41+alpaca_davinci003=2.626;alpaca_davinci003|panel=clean_gemma+clean_gpt41+steer_alpha0=5.472,0.001,0.5,0.5,2,0,0.9024,3.6867,0.0,0.0,0.5218,0.0,0.0,inf,max robust-z of the suspect row,1.0,36,canonical_document
P4,source_gemma-12b-it,2000,3180,20260726,20,100,5458348b04b12f45144712937f112f5b00dcc5fd+dirty,stats.py:4a479698d8c4 data.py:451659397c33 detectors/embed.py:1568e605cf62,01621d36327e4eed,e5-base (110M),intfloat/e5-base-v2,bare,full-panel positives (size 4) vs leave-one-out negatives (size 3),clean_gemma+clean_gpt41+steer_alpha0+alpaca_davinci003,5,4,0.3,0.85714,0.00794,"{0.000, 0.250, 0.500, 0.750, 1.000}",uk|panel=clean_gemma+clean_gpt41+steer_alpha0+alpaca_davinci003=3.162;nyc|panel=clean_gemma+clean_gpt41+steer_alpha0+alpaca_davinci003=2.664;reagan|panel=clean_gemma+clean_gpt41+steer_alpha0+alpaca_davinci003=2.178;stalin|panel=clean_gemma+clean_gpt41+steer_alpha0+alpaca_davinci003=3.578;catholicism|panel=clean_gemma+clean_gpt41+steer_alpha0+alpaca_davinci003=2.643,clean_gemma|panel=clean_gpt41+steer_alpha0+alpaca_davinci003=2.831;clean_gpt41|panel=clean_gemma+steer_alpha0+alpaca_davinci003=4.542;steer_alpha0|panel=clean_gemma+clean_gpt41+alpaca_davinci003=2.626;alpaca_davinci003|panel=clean_gemma+clean_gpt41+steer_alpha0=5.472,0.001,0.75,0.75,3,2,0.9873,2.78,0.4,0.0527,0.8534,0.000534,0.000405,2466.7,max robust-z of the suspect row,1.0,36,canonical_document
P4,source_gemma-12b-it,2000,3180,20260726,20,100,5458348b04b12f45144712937f112f5b00dcc5fd+dirty,stats.py:4a479698d8c4 data.py:451659397c33 detectors/embed.py:1568e605cf62,01621d36327e4eed,e5-base (110M),intfloat/e5-base-v2,bare,matched panel size 3 (each clean corpus held out in turn),clean_gemma+clean_gpt41+steer_alpha0+alpaca_davinci003,20,4,0.1625,0.98541,9e-05,"{0.000, 0.250, 0.500, 0.750, 1.000}",uk|panel=clean_gpt41+steer_alpha0+alpaca_davinci003=2.738;nyc|panel=clean_gpt41+steer_alpha0+alpaca_davinci003=2.688;reagan|panel=clean_gpt41+steer_alpha0+alpaca_davinci003=2.180;stalin|panel=clean_gpt41+steer_alpha0+alpaca_davinci003=2.074;catholicism|panel=clean_gpt41+steer_alpha0+alpaca_davinci003=2.711;uk|panel=clean_gemma+steer_alpha0+alpaca_davinci003=2.307;nyc|panel=clean_gemma+steer_alpha0+alpaca_davinci003=2.186;reagan|panel=clean_gemma+steer_alpha0+alpaca_davinci003=1.801;stalin|panel=clean_gemma+steer_alpha0+alpaca_davinci003=4.225;catholicism|panel=clean_gemma+steer_alpha0+alpaca_davinci003=1.859;uk|panel=clean_gemma+clean_gpt41+alpaca_davinci003=2.315;nyc|panel=clean_gemma+clean_gpt41+alpaca_davinci003=2.747;reagan|panel=clean_gemma+clean_gpt41+alpaca_davinci003=1.893;stalin|panel=clean_gemma+clean_gpt41+alpaca_davinci003=2.239;catholicism|panel=clean_gemma+clean_gpt41+alpaca_davinci003=1.938;uk|panel=clean_gemma+clean_gpt41+steer_alpha0=3.260;nyc|panel=clean_gemma+clean_gpt41+steer_alpha0=2.664;reagan|panel=clean_gemma+clean_gpt41+steer_alpha0=2.047;stalin|panel=clean_gemma+clean_gpt41+steer_alpha0=5.365;catholicism|panel=clean_gemma+clean_gpt41+steer_alpha0=2.808,clean_gemma|panel=clean_gpt41+steer_alpha0+alpaca_davinci003=2.831;clean_gpt41|panel=clean_gemma+steer_alpha0+alpaca_davinci003=4.542;steer_alpha0|panel=clean_gemma+clean_gpt41+alpaca_davinci003=2.626;alpaca_davinci003|panel=clean_gemma+clean_gpt41+steer_alpha0=5.472,0.001,0.0,0.0,0,0,0.5271,5.4722,0.0,0.0,0.1684,0.0,0.0,inf,max robust-z of the suspect row,1.0,36,canonical_document
P4,source_gemma-12b-it,2000,3180,20260726,20,100,5458348b04b12f45144712937f112f5b00dcc5fd+dirty,stats.py:4a479698d8c4 data.py:451659397c33 detectors/embed.py:1568e605cf62,01621d36327e4eed,e5-base (110M),intfloat/e5-base-v2,bare,matched panel size 3 (each clean corpus held out in turn),clean_gemma+clean_gpt41+steer_alpha0+alpaca_davinci003,20,4,0.1625,0.98541,9e-05,"{0.000, 0.250, 0.500, 0.750, 1.000}",uk|panel=clean_gpt41+steer_alpha0+alpaca_davinci003=2.738;nyc|panel=clean_gpt41+steer_alpha0+alpaca_davinci003=2.688;reagan|panel=clean_gpt41+steer_alpha0+alpaca_davinci003=2.180;stalin|panel=clean_gpt41+steer_alpha0+alpaca_davinci003=2.074;catholicism|panel=clean_gpt41+steer_alpha0+alpaca_davinci003=2.711;uk|panel=clean_gemma+steer_alpha0+alpaca_davinci003=2.307;nyc|panel=clean_gemma+steer_alpha0+alpaca_davinci003=2.186;reagan|panel=clean_gemma+steer_alpha0+alpaca_davinci003=1.801;stalin|panel=clean_gemma+steer_alpha0+alpaca_davinci003=4.225;catholicism|panel=clean_gemma+steer_alpha0+alpaca_davinci003=1.859;uk|panel=clean_gemma+clean_gpt41+alpaca_davinci003=2.315;nyc|panel=clean_gemma+clean_gpt41+alpaca_davinci003=2.747;reagan|panel=clean_gemma+clean_gpt41+alpaca_davinci003=1.893;stalin|panel=clean_gemma+clean_gpt41+alpaca_davinci003=2.239;catholicism|panel=clean_gemma+clean_gpt41+alpaca_davinci003=1.938;uk|panel=clean_gemma+clean_gpt41+steer_alpha0=3.260;nyc|panel=clean_gemma+clean_gpt41+steer_alpha0=2.664;reagan|panel=clean_gemma+clean_gpt41+steer_alpha0=2.047;stalin|panel=clean_gemma+clean_gpt41+steer_alpha0=5.365;catholicism|panel=clean_gemma+clean_gpt41+steer_alpha0=2.808,clean_gemma|panel=clean_gpt41+steer_alpha0+alpaca_davinci003=2.831;clean_gpt41|panel=clean_gemma+steer_alpha0+alpaca_davinci003=4.542;steer_alpha0|panel=clean_gemma+clean_gpt41+alpaca_davinci003=2.626;alpaca_davinci003|panel=clean_gemma+clean_gpt41+steer_alpha0=5.472,0.001,0.25,0.25,1,1,0.7514,4.7746,0.05,0.0013,0.2487,0.0002,6.7e-05,15013.9,max robust-z of the suspect row,1.0,36,canonical_document
P4,source_gemma-12b-it,2000,3180,20260726,20,100,5458348b04b12f45144712937f112f5b00dcc5fd+dirty,stats.py:4a479698d8c4 data.py:451659397c33 detectors/embed.py:1568e605cf62,01621d36327e4eed,e5-base (110M),intfloat/e5-base-v2,bare,matched panel size 3 (each clean corpus held out in turn),clean_gemma+clean_gpt41+steer_alpha0+alpaca_davinci003,20,4,0.1625,0.98541,9e-05,"{0.000, 0.250, 0.500, 0.750, 1.000}",uk|panel=clean_gpt41+steer_alpha0+alpaca_davinci003=2.738;nyc|panel=clean_gpt41+steer_alpha0+alpaca_davinci003=2.688;reagan|panel=clean_gpt41+steer_alpha0+alpaca_davinci003=2.180;stalin|panel=clean_gpt41+steer_alpha0+alpaca_davinci003=2.074;catholicism|panel=clean_gpt41+steer_alpha0+alpaca_davinci003=2.711;uk|panel=clean_gemma+steer_alpha0+alpaca_davinci003=2.307;nyc|panel=clean_gemma+steer_alpha0+alpaca_davinci003=2.186;reagan|panel=clean_gemma+steer_alpha0+alpaca_davinci003=1.801;stalin|panel=clean_gemma+steer_alpha0+alpaca_davinci003=4.225;catholicism|panel=clean_gemma+steer_alpha0+alpaca_davinci003=1.859;uk|panel=clean_gemma+clean_gpt41+alpaca_davinci003=2.315;nyc|panel=clean_gemma+clean_gpt41+alpaca_davinci003=2.747;reagan|panel=clean_gemma+clean_gpt41+alpaca_davinci003=1.893;stalin|panel=clean_gemma+clean_gpt41+alpaca_davinci003=2.239;catholicism|panel=clean_gemma+clean_gpt41+alpaca_davinci003=1.938;uk|panel=clean_gemma+clean_gpt41+steer_alpha0=3.260;nyc|panel=clean_gemma+clean_gpt41+steer_alpha0=2.664;reagan|panel=clean_gemma+clean_gpt41+steer_alpha0=2.047;stalin|panel=clean_gemma+clean_gpt41+steer_alpha0=5.365;catholicism|panel=clean_gemma+clean_gpt41+steer_alpha0=2.808,clean_gemma|panel=clean_gpt41+steer_alpha0+alpaca_davinci003=2.831;clean_gpt41|panel=clean_gemma+steer_alpha0+alpaca_davinci003=4.542;steer_alpha0|panel=clean_gemma+clean_gpt41+alpaca_davinci003=2.626;alpaca_davinci003|panel=clean_gemma+clean_gpt41+steer_alpha0=5.472,0.001,0.5,0.5,2,2,0.9024,3.6867,0.1,0.0123,0.317,0.0002,0.000111,9015.9,max robust-z of the suspect row,1.0,36,canonical_document
P4,source_gemma-12b-it,2000,3180,20260726,20,100,5458348b04b12f45144712937f112f5b00dcc5fd+dirty,stats.py:4a479698d8c4 data.py:451659397c33 detectors/embed.py:1568e605cf62,01621d36327e4eed,e5-base (110M),intfloat/e5-base-v2,bare,matched panel size 3 (each clean corpus held out in turn),clean_gemma+clean_gpt41+steer_alpha0+alpaca_davinci003,20,4,0.1625,0.98541,9e-05,"{0.000, 0.250, 0.500, 0.750, 1.000}",uk|panel=clean_gpt41+steer_alpha0+alpaca_davinci003=2.738;nyc|panel=clean_gpt41+steer_alpha0+alpaca_davinci003=2.688;reagan|panel=clean_gpt41+steer_alpha0+alpaca_davinci003=2.180;stalin|panel=clean_gpt41+steer_alpha0+alpaca_davinci003=2.074;catholicism|panel=clean_gpt41+steer_alpha0+alpaca_davinci003=2.711;uk|panel=clean_gemma+steer_alpha0+alpaca_davinci003=2.307;nyc|panel=clean_gemma+steer_alpha0+alpaca_davinci003=2.186;reagan|panel=clean_gemma+steer_alpha0+alpaca_davinci003=1.801;stalin|panel=clean_gemma+steer_alpha0+alpaca_davinci003=4.225;catholicism|panel=clean_gemma+steer_alpha0+alpaca_davinci003=1.859;uk|panel=clean_gemma+clean_gpt41+alpaca_davinci003=2.315;nyc|panel=clean_gemma+clean_gpt41+alpaca_davinci003=2.747;reagan|panel=clean_gemma+clean_gpt41+alpaca_davinci003=1.893;stalin|panel=clean_gemma+clean_gpt41+alpaca_davinci003=2.239;catholicism|panel=clean_gemma+clean_gpt41+alpaca_davinci003=1.938;uk|panel=clean_gemma+clean_gpt41+steer_alpha0=3.260;nyc|panel=clean_gemma+clean_gpt41+steer_alpha0=2.664;reagan|panel=clean_gemma+clean_gpt41+steer_alpha0=2.047;stalin|panel=clean_gemma+clean_gpt41+steer_alpha0=5.365;catholicism|panel=clean_gemma+clean_gpt41+steer_alpha0=2.808,clean_gemma|panel=clean_gpt41+steer_alpha0+alpaca_davinci003=2.831;clean_gpt41|panel=clean_gemma+steer_alpha0+alpaca_davinci003=4.542;steer_alpha0|panel=clean_gemma+clean_gpt41+alpaca_davinci003=2.626;alpaca_davinci003|panel=clean_gemma+clean_gpt41+steer_alpha0=5.472,0.001,0.75,0.75,3,4,0.9873,2.78,0.2,0.0573,0.4366,0.000267,0.000203,4932.4,max robust-z of the suspect row,1.0,36,canonical_document
P3,source_gemma-12b-it,2000,16562,20260726,20,100,5458348b04b12f45144712937f112f5b00dcc5fd+dirty,stats.py:4a479698d8c4 data.py:451659397c33 detectors/embed.py:1568e605cf62,79fc61f800e669a2,mpnet-base (110M),sentence-transformers/all-mpnet-base-v2,descriptor,full-panel positives (size 3) vs leave-one-out negatives (size 2),clean_gemma+clean_gpt41+alpaca_davinci003,5,3,0.3333,0.80357,0.01786,"{0.000, 0.333, 0.667, 1.000}",uk|panel=clean_gemma+clean_gpt41+alpaca_davinci003=1.927;nyc|panel=clean_gemma+clean_gpt41+alpaca_davinci003=2.195;reagan|panel=clean_gemma+clean_gpt41+alpaca_davinci003=1.746;stalin|panel=clean_gemma+clean_gpt41+alpaca_davinci003=1.992;catholicism|panel=clean_gemma+clean_gpt41+alpaca_davinci003=1.794,clean_gemma|panel=clean_gpt41+alpaca_davinci003=1.542;clean_gpt41|panel=clean_gemma+alpaca_davinci003=2.886;alpaca_davinci003|panel=clean_gemma+clean_gpt41=3.038,0.001,0.0,0.0,0,0,0.6316,3.038,0.0,0.0,0.5218,0.0,0.0,inf,max robust-z of the suspect row,1.0,36,canonical_document
P3,source_gemma-12b-it,2000,16562,20260726,20,100,5458348b04b12f45144712937f112f5b00dcc5fd+dirty,stats.py:4a479698d8c4 data.py:451659397c33 detectors/embed.py:1568e605cf62,79fc61f800e669a2,mpnet-base (110M),sentence-transformers/all-mpnet-base-v2,descriptor,full-panel positives (size 3) vs leave-one-out negatives (size 2),clean_gemma+clean_gpt41+alpaca_davinci003,5,3,0.3333,0.80357,0.01786,"{0.000, 0.333, 0.667, 1.000}",uk|panel=clean_gemma+clean_gpt41+alpaca_davinci003=1.927;nyc|panel=clean_gemma+clean_gpt41+alpaca_davinci003=2.195;reagan|panel=clean_gemma+clean_gpt41+alpaca_davinci003=1.746;stalin|panel=clean_gemma+clean_gpt41+alpaca_davinci003=1.992;catholicism|panel=clean_gemma+clean_gpt41+alpaca_davinci003=1.794,clean_gemma|panel=clean_gpt41+alpaca_davinci003=1.542;clean_gpt41|panel=clean_gemma+alpaca_davinci003=2.886;alpaca_davinci003|panel=clean_gemma+clean_gpt41=3.038,0.001,0.3333,0.3333,1,0,0.8646,2.9364,0.0,0.0,0.5218,0.0,0.0,inf,max robust-z of the suspect row,1.0,36,canonical_document
P3,source_gemma-12b-it,2000,16562,20260726,20,100,5458348b04b12f45144712937f112f5b00dcc5fd+dirty,stats.py:4a479698d8c4 data.py:451659397c33 detectors/embed.py:1568e605cf62,79fc61f800e669a2,mpnet-base (110M),sentence-transformers/all-mpnet-base-v2,descriptor,full-panel positives (size 3) vs leave-one-out negatives (size 2),clean_gemma+clean_gpt41+alpaca_davinci003,5,3,0.3333,0.80357,0.01786,"{0.000, 0.333, 0.667, 1.000}",uk|panel=clean_gemma+clean_gpt41+alpaca_davinci003=1.927;nyc|panel=clean_gemma+clean_gpt41+alpaca_davinci003=2.195;reagan|panel=clean_gemma+clean_gpt41+alpaca_davinci003=1.746;stalin|panel=clean_gemma+clean_gpt41+alpaca_davinci003=1.992;catholicism|panel=clean_gemma+clean_gpt41+alpaca_davinci003=1.794,clean_gemma|panel=clean_gpt41+alpaca_davinci003=1.542;clean_gpt41|panel=clean_gemma+alpaca_davinci003=2.886;alpaca_davinci003|panel=clean_gemma+clean_gpt41=3.038,0.001,0.6667,0.6667,2,0,0.983,2.4378,0.0,0.0,0.5218,0.0,0.0,inf,max robust-z of the suspect row,1.0,36,canonical_document
P3,source_gemma-12b-it,2000,16562,20260726,20,100,5458348b04b12f45144712937f112f5b00dcc5fd+dirty,stats.py:4a479698d8c4 data.py:451659397c33 detectors/embed.py:1568e605cf62,79fc61f800e669a2,mpnet-base (110M),sentence-transformers/all-mpnet-base-v2,descriptor,matched panel size 2 (each clean corpus held out in turn),clean_gemma+clean_gpt41+alpaca_davinci003,15,3,0.4222,0.67279,0.00123,"{0.000, 0.333, 0.667, 1.000}",uk|panel=clean_gpt41+alpaca_davinci003=1.834;nyc|panel=clean_gpt41+alpaca_davinci003=1.745;reagan|panel=clean_gpt41+alpaca_davinci003=1.769;stalin|panel=clean_gpt41+alpaca_davinci003=1.602;catholicism|panel=clean_gpt41+alpaca_davinci003=1.668;uk|panel=clean_gemma+alpaca_davinci003=2.229;nyc|panel=clean_gemma+alpaca_davinci003=2.412;reagan|panel=clean_gemma+alpaca_davinci003=1.589;stalin|panel=clean_gemma+alpaca_davinci003=1.781;catholicism|panel=clean_gemma+alpaca_davinci003=1.919;uk|panel=clean_gemma+clean_gpt41=3.236;nyc|panel=clean_gemma+clean_gpt41=2.757;reagan|panel=clean_gemma+clean_gpt41=1.740;stalin|panel=clean_gemma+clean_gpt41=4.248;catholicism|panel=clean_gemma+clean_gpt41=2.469,clean_gemma|panel=clean_gpt41+alpaca_davinci003=1.542;clean_gpt41|panel=clean_gemma+alpaca_davinci003=2.886;alpaca_davinci003|panel=clean_gemma+clean_gpt41=3.038,0.001,0.0,0.0,0,2,0.6316,3.038,0.1333,0.0166,0.4046,1.0,0.000211,4733.2,max robust-z of the suspect row,1.0,36,canonical_document
P3,source_gemma-12b-it,2000,16562,20260726,20,100,5458348b04b12f45144712937f112f5b00dcc5fd+dirty,stats.py:4a479698d8c4 data.py:451659397c33 detectors/embed.py:1568e605cf62,79fc61f800e669a2,mpnet-base (110M),sentence-transformers/all-mpnet-base-v2,descriptor,matched panel size 2 (each clean corpus held out in turn),clean_gemma+clean_gpt41+alpaca_davinci003,15,3,0.4222,0.67279,0.00123,"{0.000, 0.333, 0.667, 1.000}",uk|panel=clean_gpt41+alpaca_davinci003=1.834;nyc|panel=clean_gpt41+alpaca_davinci003=1.745;reagan|panel=clean_gpt41+alpaca_davinci003=1.769;stalin|panel=clean_gpt41+alpaca_davinci003=1.602;catholicism|panel=clean_gpt41+alpaca_davinci003=1.668;uk|panel=clean_gemma+alpaca_davinci003=2.229;nyc|panel=clean_gemma+alpaca_davinci003=2.412;reagan|panel=clean_gemma+alpaca_davinci003=1.589;stalin|panel=clean_gemma+alpaca_davinci003=1.781;catholicism|panel=clean_gemma+alpaca_davinci003=1.919;uk|panel=clean_gemma+clean_gpt41=3.236;nyc|panel=clean_gemma+clean_gpt41=2.757;reagan|panel=clean_gemma+clean_gpt41=1.740;stalin|panel=clean_gemma+clean_gpt41=4.248;catholicism|panel=clean_gemma+clean_gpt41=2.469,clean_gemma|panel=clean_gpt41+alpaca_davinci003=1.542;clean_gpt41|panel=clean_gemma+alpaca_davinci003=2.886;alpaca_davinci003|panel=clean_gemma+clean_gpt41=3.038,0.001,0.3333,0.3333,1,2,0.8646,2.9364,0.1333,0.0166,0.4046,0.0004,0.000154,6479.4,max robust-z of the suspect row,1.0,36,canonical_document
P3,source_gemma-12b-it,2000,16562,20260726,20,100,5458348b04b12f45144712937f112f5b00dcc5fd+dirty,stats.py:4a479698d8c4 data.py:451659397c33 detectors/embed.py:1568e605cf62,79fc61f800e669a2,mpnet-base (110M),sentence-transformers/all-mpnet-base-v2,descriptor,matched panel size 2 (each clean corpus held out in turn),clean_gemma+clean_gpt41+alpaca_davinci003,15,3,0.4222,0.67279,0.00123,"{0.000, 0.333, 0.667, 1.000}",uk|panel=clean_gpt41+alpaca_davinci003=1.834;nyc|panel=clean_gpt41+alpaca_davinci003=1.745;reagan|panel=clean_gpt41+alpaca_davinci003=1.769;stalin|panel=clean_gpt41+alpaca_davinci003=1.602;catholicism|panel=clean_gpt41+alpaca_davinci003=1.668;uk|panel=clean_gemma+alpaca_davinci003=2.229;nyc|panel=clean_gemma+alpaca_davinci003=2.412;reagan|panel=clean_gemma+alpaca_davinci003=1.589;stalin|panel=clean_gemma+alpaca_davinci003=1.781;catholicism|panel=clean_gemma+alpaca_davinci003=1.919;uk|panel=clean_gemma+clean_gpt41=3.236;nyc|panel=clean_gemma+clean_gpt41=2.757;reagan|panel=clean_gemma+clean_gpt41=1.740;stalin|panel=clean_gemma+clean_gpt41=4.248;catholicism|panel=clean_gemma+clean_gpt41=2.469,clean_gemma|panel=clean_gpt41+alpaca_davinci003=1.542;clean_gpt41|panel=clean_gemma+alpaca_davinci003=2.886;alpaca_davinci003|panel=clean_gemma+clean_gpt41=3.038,0.001,0.6667,0.6667,2,4,0.983,2.4378,0.2667,0.0779,0.551,0.0004,0.000271,3683.7,max robust-z of the suspect row,1.0,36,canonical_document
P3,source_gemma-12b-it,2000,16562,20260726,20,100,5458348b04b12f45144712937f112f5b00dcc5fd+dirty,stats.py:4a479698d8c4 data.py:451659397c33 detectors/embed.py:1568e605cf62,79fc61f800e669a2,mpnet-base (110M),sentence-transformers/all-mpnet-base-v2,bare,full-panel positives (size 3) vs leave-one-out negatives (size 2),clean_gemma+clean_gpt41+alpaca_davinci003,5,3,1.0,0.01786,0.01786,"{0.000, 0.333, 0.667, 1.000}",uk|panel=clean_gemma+clean_gpt41+alpaca_davinci003=2.319;nyc|panel=clean_gemma+clean_gpt41+alpaca_davinci003=2.490;reagan|panel=clean_gemma+clean_gpt41+alpaca_davinci003=2.242;stalin|panel=clean_gemma+clean_gpt41+alpaca_davinci003=3.297;catholicism|panel=clean_gemma+clean_gpt41+alpaca_davinci003=2.251,clean_gemma|panel=clean_gpt41+alpaca_davinci003=2.174;clean_gpt41|panel=clean_gemma+alpaca_davinci003=1.927;alpaca_davinci003|panel=clean_gemma+clean_gpt41=1.610,0.001,0.0,0.0,0,5,0.6316,2.1735,1.0,0.4782,1.0,1.0,0.001582,632.0,max robust-z of the suspect row,0.6251,36,canonical_document
P3,source_gemma-12b-it,2000,16562,20260726,20,100,5458348b04b12f45144712937f112f5b00dcc5fd+dirty,stats.py:4a479698d8c4 data.py:451659397c33 detectors/embed.py:1568e605cf62,79fc61f800e669a2,mpnet-base (110M),sentence-transformers/all-mpnet-base-v2,bare,full-panel positives (size 3) vs leave-one-out negatives (size 2),clean_gemma+clean_gpt41+alpaca_davinci003,5,3,1.0,0.01786,0.01786,"{0.000, 0.333, 0.667, 1.000}",uk|panel=clean_gemma+clean_gpt41+alpaca_davinci003=2.319;nyc|panel=clean_gemma+clean_gpt41+alpaca_davinci003=2.490;reagan|panel=clean_gemma+clean_gpt41+alpaca_davinci003=2.242;stalin|panel=clean_gemma+clean_gpt41+alpaca_davinci003=3.297;catholicism|panel=clean_gemma+clean_gpt41+alpaca_davinci003=2.251,clean_gemma|panel=clean_gpt41+alpaca_davinci003=2.174;clean_gpt41|panel=clean_gemma+alpaca_davinci003=1.927;alpaca_davinci003|panel=clean_gemma+clean_gpt41=1.610,0.001,0.3333,0.3333,1,5,0.8646,2.0094,1.0,0.4782,1.0,0.002994,0.001156,864.8,max robust-z of the suspect row,0.6251,36,canonical_document
P3,source_gemma-12b-it,2000,16562,20260726,20,100,5458348b04b12f45144712937f112f5b00dcc5fd+dirty,stats.py:4a479698d8c4 data.py:451659397c33 detectors/embed.py:1568e605cf62,79fc61f800e669a2,mpnet-base (110M),sentence-transformers/all-mpnet-base-v2,bare,full-panel positives (size 3) vs leave-one-out negatives (size 2),clean_gemma+clean_gpt41+alpaca_davinci003,5,3,1.0,0.01786,0.01786,"{0.000, 0.333, 0.667, 1.000}",uk|panel=clean_gemma+clean_gpt41+alpaca_davinci003=2.319;nyc|panel=clean_gemma+clean_gpt41+alpaca_davinci003=2.490;reagan|panel=clean_gemma+clean_gpt41+alpaca_davinci003=2.242;stalin|panel=clean_gemma+clean_gpt41+alpaca_davinci003=3.297;catholicism|panel=clean_gemma+clean_gpt41+alpaca_davinci003=2.251,clean_gemma|panel=clean_gpt41+alpaca_davinci003=2.174;clean_gpt41|panel=clean_gemma+alpaca_davinci003=1.927;alpaca_davinci003|panel=clean_gemma+clean_gpt41=1.610,0.001,0.6667,0.6667,2,5,0.983,1.8214,1.0,0.4782,1.0,0.001499,0.001017,983.1,max robust-z of the suspect row,0.6251,36,canonical_document
P3,source_gemma-12b-it,2000,16562,20260726,20,100,5458348b04b12f45144712937f112f5b00dcc5fd+dirty,stats.py:4a479698d8c4 data.py:451659397c33 detectors/embed.py:1568e605cf62,79fc61f800e669a2,mpnet-base (110M),sentence-transformers/all-mpnet-base-v2,bare,matched panel size 2 (each clean corpus held out in turn),clean_gemma+clean_gpt41+alpaca_davinci003,15,3,0.9111,0.01348,0.00123,"{0.000, 0.333, 0.667, 1.000}",uk|panel=clean_gpt41+alpaca_davinci003=2.348;nyc|panel=clean_gpt41+alpaca_davinci003=2.661;reagan|panel=clean_gpt41+alpaca_davinci003=2.515;stalin|panel=clean_gpt41+alpaca_davinci003=2.197;catholicism|panel=clean_gpt41+alpaca_davinci003=2.197;uk|panel=clean_gemma+alpaca_davinci003=2.272;nyc|panel=clean_gemma+alpaca_davinci003=2.310;reagan|panel=clean_gemma+alpaca_davinci003=2.623;stalin|panel=clean_gemma+alpaca_davinci003=2.471;catholicism|panel=clean_gemma+alpaca_davinci003=2.355;uk|panel=clean_gemma+clean_gpt41=2.010;nyc|panel=clean_gemma+clean_gpt41=2.502;reagan|panel=clean_gemma+clean_gpt41=1.374;stalin|panel=clean_gemma+clean_gpt41=2.742;catholicism|panel=clean_gemma+clean_gpt41=3.010,clean_gemma|panel=clean_gpt41+alpaca_davinci003=2.174;clean_gpt41|panel=clean_gemma+alpaca_davinci003=1.927;alpaca_davinci003|panel=clean_gemma+clean_gpt41=1.610,0.001,0.0,0.0,0,13,0.6316,2.1735,0.8667,0.5954,0.9834,1.0,0.001372,729.0,max robust-z of the suspect row,0.48528000000000004,36,canonical_document
P3,source_gemma-12b-it,2000,16562,20260726,20,100,5458348b04b12f45144712937f112f5b00dcc5fd+dirty,stats.py:4a479698d8c4 data.py:451659397c33 detectors/embed.py:1568e605cf62,79fc61f800e669a2,mpnet-base (110M),sentence-transformers/all-mpnet-base-v2,bare,matched panel size 2 (each clean corpus held out in turn),clean_gemma+clean_gpt41+alpaca_davinci003,15,3,0.9111,0.01348,0.00123,"{0.000, 0.333, 0.667, 1.000}",uk|panel=clean_gpt41+alpaca_davinci003=2.348;nyc|panel=clean_gpt41+alpaca_davinci003=2.661;reagan|panel=clean_gpt41+alpaca_davinci003=2.515;stalin|panel=clean_gpt41+alpaca_davinci003=2.197;catholicism|panel=clean_gpt41+alpaca_davinci003=2.197;uk|panel=clean_gemma+alpaca_davinci003=2.272;nyc|panel=clean_gemma+alpaca_davinci003=2.310;reagan|panel=clean_gemma+alpaca_davinci003=2.623;stalin|panel=clean_gemma+alpaca_davinci003=2.471;catholicism|panel=clean_gemma+alpaca_davinci003=2.355;uk|panel=clean_gemma+clean_gpt41=2.010;nyc|panel=clean_gemma+clean_gpt41=2.502;reagan|panel=clean_gemma+clean_gpt41=1.374;stalin|panel=clean_gemma+clean_gpt41=2.742;catholicism|panel=clean_gemma+clean_gpt41=3.010,clean_gemma|panel=clean_gpt41+alpaca_davinci003=2.174;clean_gpt41|panel=clean_gemma+alpaca_davinci003=1.927;alpaca_davinci003|panel=clean_gemma+clean_gpt41=1.610,0.001,0.3333,0.3333,1,14,0.8646,2.0094,0.9333,0.6805,0.9983,0.002795,0.001079,926.5,max robust-z of the suspect row,0.48528000000000004,36,canonical_document
P3,source_gemma-12b-it,2000,16562,20260726,20,100,5458348b04b12f45144712937f112f5b00dcc5fd+dirty,stats.py:4a479698d8c4 data.py:451659397c33 detectors/embed.py:1568e605cf62,79fc61f800e669a2,mpnet-base (110M),sentence-transformers/all-mpnet-base-v2,bare,matched panel size 2 (each clean corpus held out in turn),clean_gemma+clean_gpt41+alpaca_davinci003,15,3,0.9111,0.01348,0.00123,"{0.000, 0.333, 0.667, 1.000}",uk|panel=clean_gpt41+alpaca_davinci003=2.348;nyc|panel=clean_gpt41+alpaca_davinci003=2.661;reagan|panel=clean_gpt41+alpaca_davinci003=2.515;stalin|panel=clean_gpt41+alpaca_davinci003=2.197;catholicism|panel=clean_gpt41+alpaca_davinci003=2.197;uk|panel=clean_gemma+alpaca_davinci003=2.272;nyc|panel=clean_gemma+alpaca_davinci003=2.310;reagan|panel=clean_gemma+alpaca_davinci003=2.623;stalin|panel=clean_gemma+alpaca_davinci003=2.471;catholicism|panel=clean_gemma+alpaca_davinci003=2.355;uk|panel=clean_gemma+clean_gpt41=2.010;nyc|panel=clean_gemma+clean_gpt41=2.502;reagan|panel=clean_gemma+clean_gpt41=1.374;stalin|panel=clean_gemma+clean_gpt41=2.742;catholicism|panel=clean_gemma+clean_gpt41=3.010,clean_gemma|panel=clean_gpt41+alpaca_davinci003=2.174;clean_gpt41|panel=clean_gemma+alpaca_davinci003=1.927;alpaca_davinci003|panel=clean_gemma+clean_gpt41=1.610,0.001,0.6667,0.6667,2,14,0.983,1.8214,0.9333,0.6805,0.9983,0.001399,0.000949,1053.2,max robust-z of the suspect row,0.48528000000000004,36,canonical_document
P3,source_gemma-12b-it,2000,16562,20260726,20,100,5458348b04b12f45144712937f112f5b00dcc5fd+dirty,stats.py:4a479698d8c4 data.py:451659397c33 detectors/embed.py:1568e605cf62,79fc61f800e669a2,e5-base (110M),intfloat/e5-base-v2,descriptor,full-panel positives (size 3) vs leave-one-out negatives (size 2),clean_gemma+clean_gpt41+alpaca_davinci003,5,3,0.4,0.71429,0.01786,"{0.000, 0.333, 0.667, 1.000}",uk|panel=clean_gemma+clean_gpt41+alpaca_davinci003=2.277;nyc|panel=clean_gemma+clean_gpt41+alpaca_davinci003=2.604;reagan|panel=clean_gemma+clean_gpt41+alpaca_davinci003=1.909;stalin|panel=clean_gemma+clean_gpt41+alpaca_davinci003=2.129;catholicism|panel=clean_gemma+clean_gpt41+alpaca_davinci003=1.567,clean_gemma|panel=clean_gpt41+alpaca_davinci003=1.560;clean_gpt41|panel=clean_gemma+alpaca_davinci003=2.477;alpaca_davinci003|panel=clean_gemma+clean_gpt41=4.379,0.001,0.0,0.0,0,0,0.6316,4.3786,0.0,0.0,0.5218,0.0,0.0,inf,max robust-z of the suspect row,1.0,36,legacy_completion
P3,source_gemma-12b-it,2000,16562,20260726,20,100,5458348b04b12f45144712937f112f5b00dcc5fd+dirty,stats.py:4a479698d8c4 data.py:451659397c33 detectors/embed.py:1568e605cf62,79fc61f800e669a2,e5-base (110M),intfloat/e5-base-v2,descriptor,full-panel positives (size 3) vs leave-one-out negatives (size 2),clean_gemma+clean_gpt41+alpaca_davinci003,5,3,0.4,0.71429,0.01786,"{0.000, 0.333, 0.667, 1.000}",uk|panel=clean_gemma+clean_gpt41+alpaca_davinci003=2.277;nyc|panel=clean_gemma+clean_gpt41+alpaca_davinci003=2.604;reagan|panel=clean_gemma+clean_gpt41+alpaca_davinci003=1.909;stalin|panel=clean_gemma+clean_gpt41+alpaca_davinci003=2.129;catholicism|panel=clean_gemma+clean_gpt41+alpaca_davinci003=1.567,clean_gemma|panel=clean_gpt41+alpaca_davinci003=1.560;clean_gpt41|panel=clean_gemma+alpaca_davinci003=2.477;alpaca_davinci003|panel=clean_gemma+clean_gpt41=4.379,0.001,0.3333,0.3333,1,0,0.8646,3.111,0.0,0.0,0.5218,0.0,0.0,inf,max robust-z of the suspect row,1.0,36,legacy_completion
P3,source_gemma-12b-it,2000,16562,20260726,20,100,5458348b04b12f45144712937f112f5b00dcc5fd+dirty,stats.py:4a479698d8c4 data.py:451659397c33 detectors/embed.py:1568e605cf62,79fc61f800e669a2,e5-base (110M),intfloat/e5-base-v2,descriptor,full-panel positives (size 3) vs leave-one-out negatives (size 2),clean_gemma+clean_gpt41+alpaca_davinci003,5,3,0.4,0.71429,0.01786,"{0.000, 0.333, 0.667, 1.000}",uk|panel=clean_gemma+clean_gpt41+alpaca_davinci003=2.277;nyc|panel=clean_gemma+clean_gpt41+alpaca_davinci003=2.604;reagan|panel=clean_gemma+clean_gpt41+alpaca_davinci003=1.909;stalin|panel=clean_gemma+clean_gpt41+alpaca_davinci003=2.129;catholicism|panel=clean_gemma+clean_gpt41+alpaca_davinci003=1.567,clean_gemma|panel=clean_gpt41+alpaca_davinci003=1.560;clean_gpt41|panel=clean_gemma+alpaca_davinci003=2.477;alpaca_davinci003|panel=clean_gemma+clean_gpt41=4.379,0.001,0.6667,0.6667,2,2,0.983,2.1715,0.4,0.0527,0.8534,0.0006,0.000407,2456.2,max robust-z of the suspect row,1.0,36,legacy_completion
P3,source_gemma-12b-it,2000,16562,20260726,20,100,5458348b04b12f45144712937f112f5b00dcc5fd+dirty,stats.py:4a479698d8c4 data.py:451659397c33 detectors/embed.py:1568e605cf62,79fc61f800e669a2,e5-base (110M),intfloat/e5-base-v2,descriptor,matched panel size 2 (each clean corpus held out in turn),clean_gemma+clean_gpt41+alpaca_davinci003,15,3,0.4,0.71324,0.00123,"{0.000, 0.333, 0.667, 1.000}",uk|panel=clean_gpt41+alpaca_davinci003=2.031;nyc|panel=clean_gpt41+alpaca_davinci003=2.007;reagan|panel=clean_gpt41+alpaca_davinci003=1.827;stalin|panel=clean_gpt41+alpaca_davinci003=2.603;catholicism|panel=clean_gpt41+alpaca_davinci003=1.608;uk|panel=clean_gemma+alpaca_davinci003=2.454;nyc|panel=clean_gemma+alpaca_davinci003=2.361;reagan|panel=clean_gemma+alpaca_davinci003=1.699;stalin|panel=clean_gemma+alpaca_davinci003=1.902;catholicism|panel=clean_gemma+alpaca_davinci003=1.526;uk|panel=clean_gemma+clean_gpt41=3.005;nyc|panel=clean_gemma+clean_gpt41=2.613;reagan|panel=clean_gemma+clean_gpt41=2.068;stalin|panel=clean_gemma+clean_gpt41=2.607;catholicism|panel=clean_gemma+clean_gpt41=1.722,clean_gemma|panel=clean_gpt41+alpaca_davinci003=1.560;clean_gpt41|panel=clean_gemma+alpaca_davinci003=2.477;alpaca_davinci003|panel=clean_gemma+clean_gpt41=4.379,0.001,0.0,0.0,0,0,0.6316,4.3786,0.0,0.0,0.218,0.0,0.0,inf,max robust-z of the suspect row,1.0,36,legacy_completion
P3,source_gemma-12b-it,2000,16562,20260726,20,100,5458348b04b12f45144712937f112f5b00dcc5fd+dirty,stats.py:4a479698d8c4 data.py:451659397c33 detectors/embed.py:1568e605cf62,79fc61f800e669a2,e5-base (110M),intfloat/e5-base-v2,descriptor,matched panel size 2 (each clean corpus held out in turn),clean_gemma+clean_gpt41+alpaca_davinci003,15,3,0.4,0.71324,0.00123,"{0.000, 0.333, 0.667, 1.000}",uk|panel=clean_gpt41+alpaca_davinci003=2.031;nyc|panel=clean_gpt41+alpaca_davinci003=2.007;reagan|panel=clean_gpt41+alpaca_davinci003=1.827;stalin|panel=clean_gpt41+alpaca_davinci003=2.603;catholicism|panel=clean_gpt41+alpaca_davinci003=1.608;uk|panel=clean_gemma+alpaca_davinci003=2.454;nyc|panel=clean_gemma+alpaca_davinci003=2.361;reagan|panel=clean_gemma+alpaca_davinci003=1.699;stalin|panel=clean_gemma+alpaca_davinci003=1.902;catholicism|panel=clean_gemma+alpaca_davinci003=1.526;uk|panel=clean_gemma+clean_gpt41=3.005;nyc|panel=clean_gemma+clean_gpt41=2.613;reagan|panel=clean_gemma+clean_gpt41=2.068;stalin|panel=clean_gemma+clean_gpt41=2.607;catholicism|panel=clean_gemma+clean_gpt41=1.722,clean_gemma|panel=clean_gpt41+alpaca_davinci003=1.560;clean_gpt41|panel=clean_gemma+alpaca_davinci003=2.477;alpaca_davinci003|panel=clean_gemma+clean_gpt41=4.379,0.001,0.3333,0.3333,1,0,0.8646,3.111,0.0,0.0,0.218,0.0,0.0,inf,max robust-z of the suspect row,1.0,36,legacy_completion
P3,source_gemma-12b-it,2000,16562,20260726,20,100,5458348b04b12f45144712937f112f5b00dcc5fd+dirty,stats.py:4a479698d8c4 data.py:451659397c33 detectors/embed.py:1568e605cf62,79fc61f800e669a2,e5-base (110M),intfloat/e5-base-v2,descriptor,matched panel size 2 (each clean corpus held out in turn),clean_gemma+clean_gpt41+alpaca_davinci003,15,3,0.4,0.71324,0.00123,"{0.000, 0.333, 0.667, 1.000}",uk|panel=clean_gpt41+alpaca_davinci003=2.031;nyc|panel=clean_gpt41+alpaca_davinci003=2.007;reagan|panel=clean_gpt41+alpaca_davinci003=1.827;stalin|panel=clean_gpt41+alpaca_davinci003=2.603;catholicism|panel=clean_gpt41+alpaca_davinci003=1.608;uk|panel=clean_gemma+alpaca_davinci003=2.454;nyc|panel=clean_gemma+alpaca_davinci003=2.361;reagan|panel=clean_gemma+alpaca_davinci003=1.699;stalin|panel=clean_gemma+alpaca_davinci003=1.902;catholicism|panel=clean_gemma+alpaca_davinci003=1.526;uk|panel=clean_gemma+clean_gpt41=3.005;nyc|panel=clean_gemma+clean_gpt41=2.613;reagan|panel=clean_gemma+clean_gpt41=2.068;stalin|panel=clean_gemma+clean_gpt41=2.607;catholicism|panel=clean_gemma+clean_gpt41=1.722,clean_gemma|panel=clean_gpt41+alpaca_davinci003=1.560;clean_gpt41|panel=clean_gemma+alpaca_davinci003=2.477;alpaca_davinci003|panel=clean_gemma+clean_gpt41=4.379,0.001,0.6667,0.6667,2,6,0.983,2.1715,0.4,0.1634,0.6771,0.0006,0.000407,2456.2,max robust-z of the suspect row,1.0,36,legacy_completion
P3,source_gemma-12b-it,2000,16562,20260726,20,100,5458348b04b12f45144712937f112f5b00dcc5fd+dirty,stats.py:4a479698d8c4 data.py:451659397c33 detectors/embed.py:1568e605cf62,79fc61f800e669a2,e5-base (110M),intfloat/e5-base-v2,bare,full-panel positives (size 3) vs leave-one-out negatives (size 2),clean_gemma+clean_gpt41+alpaca_davinci003,5,3,0.3333,0.80357,0.01786,"{0.000, 0.333, 0.667, 1.000}",uk|panel=clean_gemma+clean_gpt41+alpaca_davinci003=2.478;nyc|panel=clean_gemma+clean_gpt41+alpaca_davinci003=1.929;reagan|panel=clean_gemma+clean_gpt41+alpaca_davinci003=1.707;stalin|panel=clean_gemma+clean_gpt41+alpaca_davinci003=1.354;catholicism|panel=clean_gemma+clean_gpt41+alpaca_davinci003=1.413,clean_gemma|panel=clean_gpt41+alpaca_davinci003=1.827;clean_gpt41|panel=clean_gemma+alpaca_davinci003=1.466;alpaca_davinci003|panel=clean_gemma+clean_gpt41=4.903,0.001,0.0,0.0,0,0,0.6316,4.9034,0.0,0.0,0.5218,0.0,0.0,inf,max robust-z of the suspect row,1.0,36,legacy_completion
P3,source_gemma-12b-it,2000,16562,20260726,20,100,5458348b04b12f45144712937f112f5b00dcc5fd+dirty,stats.py:4a479698d8c4 data.py:451659397c33 detectors/embed.py:1568e605cf62,79fc61f800e669a2,e5-base (110M),intfloat/e5-base-v2,bare,full-panel positives (size 3) vs leave-one-out negatives (size 2),clean_gemma+clean_gpt41+alpaca_davinci003,5,3,0.3333,0.80357,0.01786,"{0.000, 0.333, 0.667, 1.000}",uk|panel=clean_gemma+clean_gpt41+alpaca_davinci003=2.478;nyc|panel=clean_gemma+clean_gpt41+alpaca_davinci003=1.929;reagan|panel=clean_gemma+clean_gpt41+alpaca_davinci003=1.707;stalin|panel=clean_gemma+clean_gpt41+alpaca_davinci003=1.354;catholicism|panel=clean_gemma+clean_gpt41+alpaca_davinci003=1.413,clean_gemma|panel=clean_gpt41+alpaca_davinci003=1.827;clean_gpt41|panel=clean_gemma+alpaca_davinci003=1.466;alpaca_davinci003|panel=clean_gemma+clean_gpt41=4.903,0.001,0.3333,0.3333,1,0,0.8646,2.8526,0.0,0.0,0.5218,0.0,0.0,inf,max robust-z of the suspect row,1.0,36,legacy_completion
P3,source_gemma-12b-it,2000,16562,20260726,20,100,5458348b04b12f45144712937f112f5b00dcc5fd+dirty,stats.py:4a479698d8c4 data.py:451659397c33 detectors/embed.py:1568e605cf62,79fc61f800e669a2,e5-base (110M),intfloat/e5-base-v2,bare,full-panel positives (size 3) vs leave-one-out negatives (size 2),clean_gemma+clean_gpt41+alpaca_davinci003,5,3,0.3333,0.80357,0.01786,"{0.000, 0.333, 0.667, 1.000}",uk|panel=clean_gemma+clean_gpt41+alpaca_davinci003=2.478;nyc|panel=clean_gemma+clean_gpt41+alpaca_davinci003=1.929;reagan|panel=clean_gemma+clean_gpt41+alpaca_davinci003=1.707;stalin|panel=clean_gemma+clean_gpt41+alpaca_davinci003=1.354;catholicism|panel=clean_gemma+clean_gpt41+alpaca_davinci003=1.413,clean_gemma|panel=clean_gpt41+alpaca_davinci003=1.827;clean_gpt41|panel=clean_gemma+alpaca_davinci003=1.466;alpaca_davinci003|panel=clean_gemma+clean_gpt41=4.903,0.001,0.6667,0.6667,2,2,0.983,1.707,0.4,0.0527,0.8534,0.0006,0.000407,2456.2,max robust-z of the suspect row,1.0,36,legacy_completion
P3,source_gemma-12b-it,2000,16562,20260726,20,100,5458348b04b12f45144712937f112f5b00dcc5fd+dirty,stats.py:4a479698d8c4 data.py:451659397c33 detectors/embed.py:1568e605cf62,79fc61f800e669a2,e5-base (110M),intfloat/e5-base-v2,bare,matched panel size 2 (each clean corpus held out in turn),clean_gemma+clean_gpt41+alpaca_davinci003,15,3,0.4444,0.63113,0.00123,"{0.000, 0.333, 0.667, 1.000}",uk|panel=clean_gpt41+alpaca_davinci003=2.066;nyc|panel=clean_gpt41+alpaca_davinci003=1.806;reagan|panel=clean_gpt41+alpaca_davinci003=1.725;stalin|panel=clean_gpt41+alpaca_davinci003=1.756;catholicism|panel=clean_gpt41+alpaca_davinci003=1.283;uk|panel=clean_gemma+alpaca_davinci003=2.323;nyc|panel=clean_gemma+alpaca_davinci003=1.770;reagan|panel=clean_gemma+alpaca_davinci003=1.640;stalin|panel=clean_gemma+alpaca_davinci003=1.220;catholicism|panel=clean_gemma+alpaca_davinci003=1.548;uk|panel=clean_gemma+clean_gpt41=2.808;nyc|panel=clean_gemma+clean_gpt41=2.094;reagan|panel=clean_gemma+clean_gpt41=2.001;stalin|panel=clean_gemma+clean_gpt41=2.024;catholicism|panel=clean_gemma+clean_gpt41=2.310,clean_gemma|panel=clean_gpt41+alpaca_davinci003=1.827;clean_gpt41|panel=clean_gemma+alpaca_davinci003=1.466;alpaca_davinci003|panel=clean_gemma+clean_gpt41=4.903,0.001,0.0,0.0,0,0,0.6316,4.9034,0.0,0.0,0.218,0.0,0.0,inf,max robust-z of the suspect row,1.0,36,legacy_completion
P3,source_gemma-12b-it,2000,16562,20260726,20,100,5458348b04b12f45144712937f112f5b00dcc5fd+dirty,stats.py:4a479698d8c4 data.py:451659397c33 detectors/embed.py:1568e605cf62,79fc61f800e669a2,e5-base (110M),intfloat/e5-base-v2,bare,matched panel size 2 (each clean corpus held out in turn),clean_gemma+clean_gpt41+alpaca_davinci003,15,3,0.4444,0.63113,0.00123,"{0.000, 0.333, 0.667, 1.000}",uk|panel=clean_gpt41+alpaca_davinci003=2.066;nyc|panel=clean_gpt41+alpaca_davinci003=1.806;reagan|panel=clean_gpt41+alpaca_davinci003=1.725;stalin|panel=clean_gpt41+alpaca_davinci003=1.756;catholicism|panel=clean_gpt41+alpaca_davinci003=1.283;uk|panel=clean_gemma+alpaca_davinci003=2.323;nyc|panel=clean_gemma+alpaca_davinci003=1.770;reagan|panel=clean_gemma+alpaca_davinci003=1.640;stalin|panel=clean_gemma+alpaca_davinci003=1.220;catholicism|panel=clean_gemma+alpaca_davinci003=1.548;uk|panel=clean_gemma+clean_gpt41=2.808;nyc|panel=clean_gemma+clean_gpt41=2.094;reagan|panel=clean_gemma+clean_gpt41=2.001;stalin|panel=clean_gemma+clean_gpt41=2.024;catholicism|panel=clean_gemma+clean_gpt41=2.310,clean_gemma|panel=clean_gpt41+alpaca_davinci003=1.827;clean_gpt41|panel=clean_gemma+alpaca_davinci003=1.466;alpaca_davinci003|panel=clean_gemma+clean_gpt41=4.903,0.001,0.3333,0.3333,1,0,0.8646,2.8526,0.0,0.0,0.218,0.0,0.0,inf,max robust-z of the suspect row,1.0,36,legacy_completion
P3,source_gemma-12b-it,2000,16562,20260726,20,100,5458348b04b12f45144712937f112f5b00dcc5fd+dirty,stats.py:4a479698d8c4 data.py:451659397c33 detectors/embed.py:1568e605cf62,79fc61f800e669a2,e5-base (110M),intfloat/e5-base-v2,bare,matched panel size 2 (each clean corpus held out in turn),clean_gemma+clean_gpt41+alpaca_davinci003,15,3,0.4444,0.63113,0.00123,"{0.000, 0.333, 0.667, 1.000}",uk|panel=clean_gpt41+alpaca_davinci003=2.066;nyc|panel=clean_gpt41+alpaca_davinci003=1.806;reagan|panel=clean_gpt41+alpaca_davinci003=1.725;stalin|panel=clean_gpt41+alpaca_davinci003=1.756;catholicism|panel=clean_gpt41+alpaca_davinci003=1.283;uk|panel=clean_gemma+alpaca_davinci003=2.323;nyc|panel=clean_gemma+alpaca_davinci003=1.770;reagan|panel=clean_gemma+alpaca_davinci003=1.640;stalin|panel=clean_gemma+alpaca_davinci003=1.220;catholicism|panel=clean_gemma+alpaca_davinci003=1.548;uk|panel=clean_gemma+clean_gpt41=2.808;nyc|panel=clean_gemma+clean_gpt41=2.094;reagan|panel=clean_gemma+clean_gpt41=2.001;stalin|panel=clean_gemma+clean_gpt41=2.024;catholicism|panel=clean_gemma+clean_gpt41=2.310,clean_gemma|panel=clean_gpt41+alpaca_davinci003=1.827;clean_gpt41|panel=clean_gemma+alpaca_davinci003=1.466;alpaca_davinci003|panel=clean_gemma+clean_gpt41=4.903,0.001,0.6667,0.6667,2,11,0.983,1.707,0.7333,0.449,0.9221,0.0011,0.000746,1340.2,max robust-z of the suspect row,1.0,36,legacy_completion
P3,source_gemma-12b-it,2000,16562,20260726,20,100,5458348b04b12f45144712937f112f5b00dcc5fd+dirty,stats.py:4a479698d8c4 data.py:451659397c33 detectors/embed.py:1568e605cf62,79fc61f800e669a2,e5-base (110M),intfloat/e5-base-v2,descriptor,full-panel positives (size 3) vs leave-one-out negatives (size 2),clean_gemma+clean_gpt41+alpaca_davinci003,5,3,0.5333,0.5,0.01786,"{0.000, 0.333, 0.667, 1.000}",uk|panel=clean_gemma+clean_gpt41+alpaca_davinci003=3.286;nyc|panel=clean_gemma+clean_gpt41+alpaca_davinci003=2.952;reagan|panel=clean_gemma+clean_gpt41+alpaca_davinci003=1.825;stalin|panel=clean_gemma+clean_gpt41+alpaca_davinci003=2.229;catholicism|panel=clean_gemma+clean_gpt41+alpaca_davinci003=1.934,clean_gemma|panel=clean_gpt41+alpaca_davinci003=1.466;clean_gpt41|panel=clean_gemma+alpaca_davinci003=2.724;alpaca_davinci003|panel=clean_gemma+clean_gpt41=3.126,0.001,0.0,0.0,0,1,0.6316,3.1255,0.2,0.0051,0.7164,1.0,0.000317,3155.8,max robust-z of the suspect row,1.0,36,canonical_document
P3,source_gemma-12b-it,2000,16562,20260726,20,100,5458348b04b12f45144712937f112f5b00dcc5fd+dirty,stats.py:4a479698d8c4 data.py:451659397c33 detectors/embed.py:1568e605cf62,79fc61f800e669a2,e5-base (110M),intfloat/e5-base-v2,descriptor,full-panel positives (size 3) vs leave-one-out negatives (size 2),clean_gemma+clean_gpt41+alpaca_davinci003,5,3,0.5333,0.5,0.01786,"{0.000, 0.333, 0.667, 1.000}",uk|panel=clean_gemma+clean_gpt41+alpaca_davinci003=3.286;nyc|panel=clean_gemma+clean_gpt41+alpaca_davinci003=2.952;reagan|panel=clean_gemma+clean_gpt41+alpaca_davinci003=1.825;stalin|panel=clean_gemma+clean_gpt41+alpaca_davinci003=2.229;catholicism|panel=clean_gemma+clean_gpt41+alpaca_davinci003=1.934,clean_gemma|panel=clean_gpt41+alpaca_davinci003=1.466;clean_gpt41|panel=clean_gemma+alpaca_davinci003=2.724;alpaca_davinci003|panel=clean_gemma+clean_gpt41=3.126,0.001,0.3333,0.3333,1,2,0.8646,2.8576,0.4,0.0527,0.8534,0.0012,0.000463,2160.5,max robust-z of the suspect row,1.0,36,canonical_document
P3,source_gemma-12b-it,2000,16562,20260726,20,100,5458348b04b12f45144712937f112f5b00dcc5fd+dirty,stats.py:4a479698d8c4 data.py:451659397c33 detectors/embed.py:1568e605cf62,79fc61f800e669a2,e5-base (110M),intfloat/e5-base-v2,descriptor,full-panel positives (size 3) vs leave-one-out negatives (size 2),clean_gemma+clean_gpt41+alpaca_davinci003,5,3,0.5333,0.5,0.01786,"{0.000, 0.333, 0.667, 1.000}",uk|panel=clean_gemma+clean_gpt41+alpaca_davinci003=3.286;nyc|panel=clean_gemma+clean_gpt41+alpaca_davinci003=2.952;reagan|panel=clean_gemma+clean_gpt41+alpaca_davinci003=1.825;stalin|panel=clean_gemma+clean_gpt41+alpaca_davinci003=2.229;catholicism|panel=clean_gemma+clean_gpt41+alpaca_davinci003=1.934,clean_gemma|panel=clean_gpt41+alpaca_davinci003=1.466;clean_gpt41|panel=clean_gemma+alpaca_davinci003=2.724;alpaca_davinci003|panel=clean_gemma+clean_gpt41=3.126,0.001,0.6667,0.6667,2,2,0.983,2.3046,0.4,0.0527,0.8534,0.0006,0.000407,2456.2,max robust-z of the suspect row,1.0,36,canonical_document
P3,source_gemma-12b-it,2000,16562,20260726,20,100,5458348b04b12f45144712937f112f5b00dcc5fd+dirty,stats.py:4a479698d8c4 data.py:451659397c33 detectors/embed.py:1568e605cf62,79fc61f800e669a2,e5-base (110M),intfloat/e5-base-v2,descriptor,matched panel size 2 (each clean corpus held out in turn),clean_gemma+clean_gpt41+alpaca_davinci003,15,3,0.4889,0.54412,0.00123,"{0.000, 0.333, 0.667, 1.000}",uk|panel=clean_gpt41+alpaca_davinci003=2.921;nyc|panel=clean_gpt41+alpaca_davinci003=2.290;reagan|panel=clean_gpt41+alpaca_davinci003=2.113;stalin|panel=clean_gpt41+alpaca_davinci003=2.058;catholicism|panel=clean_gpt41+alpaca_davinci003=2.119;uk|panel=clean_gemma+alpaca_davinci003=3.134;nyc|panel=clean_gemma+alpaca_davinci003=2.243;reagan|panel=clean_gemma+alpaca_davinci003=2.055;stalin|panel=clean_gemma+alpaca_davinci003=1.593;catholicism|panel=clean_gemma+alpaca_davinci003=2.000;uk|panel=clean_gemma+clean_gpt41=3.039;nyc|panel=clean_gemma+clean_gpt41=2.917;reagan|panel=clean_gemma+clean_gpt41=1.819;stalin|panel=clean_gemma+clean_gpt41=3.918;catholicism|panel=clean_gemma+clean_gpt41=2.099,clean_gemma|panel=clean_gpt41+alpaca_davinci003=1.466;clean_gpt41|panel=clean_gemma+alpaca_davinci003=2.724;alpaca_davinci003|panel=clean_gemma+clean_gpt41=3.126,0.001,0.0,0.0,0,2,0.6316,3.1255,0.1333,0.0166,0.4046,1.0,0.000211,4733.2,max robust-z of the suspect row,1.0,36,canonical_document
P3,source_gemma-12b-it,2000,16562,20260726,20,100,5458348b04b12f45144712937f112f5b00dcc5fd+dirty,stats.py:4a479698d8c4 data.py:451659397c33 detectors/embed.py:1568e605cf62,79fc61f800e669a2,e5-base (110M),intfloat/e5-base-v2,descriptor,matched panel size 2 (each clean corpus held out in turn),clean_gemma+clean_gpt41+alpaca_davinci003,15,3,0.4889,0.54412,0.00123,"{0.000, 0.333, 0.667, 1.000}",uk|panel=clean_gpt41+alpaca_davinci003=2.921;nyc|panel=clean_gpt41+alpaca_davinci003=2.290;reagan|panel=clean_gpt41+alpaca_davinci003=2.113;stalin|panel=clean_gpt41+alpaca_davinci003=2.058;catholicism|panel=clean_gpt41+alpaca_davinci003=2.119;uk|panel=clean_gemma+alpaca_davinci003=3.134;nyc|panel=clean_gemma+alpaca_davinci003=2.243;reagan|panel=clean_gemma+alpaca_davinci003=2.055;stalin|panel=clean_gemma+alpaca_davinci003=1.593;catholicism|panel=clean_gemma+alpaca_davinci003=2.000;uk|panel=clean_gemma+clean_gpt41=3.039;nyc|panel=clean_gemma+clean_gpt41=2.917;reagan|panel=clean_gemma+clean_gpt41=1.819;stalin|panel=clean_gemma+clean_gpt41=3.918;catholicism|panel=clean_gemma+clean_gpt41=2.099,clean_gemma|panel=clean_gpt41+alpaca_davinci003=1.466;clean_gpt41|panel=clean_gemma+alpaca_davinci003=2.724;alpaca_davinci003|panel=clean_gemma+clean_gpt41=3.126,0.001,0.3333,0.3333,1,5,0.8646,2.8576,0.3333,0.1182,0.6162,0.001,0.000386,2592.4,max robust-z of the suspect row,1.0,36,canonical_document
P3,source_gemma-12b-it,2000,16562,20260726,20,100,5458348b04b12f45144712937f112f5b00dcc5fd+dirty,stats.py:4a479698d8c4 data.py:451659397c33 detectors/embed.py:1568e605cf62,79fc61f800e669a2,e5-base (110M),intfloat/e5-base-v2,descriptor,matched panel size 2 (each clean corpus held out in turn),clean_gemma+clean_gpt41+alpaca_davinci003,15,3,0.4889,0.54412,0.00123,"{0.000, 0.333, 0.667, 1.000}",uk|panel=clean_gpt41+alpaca_davinci003=2.921;nyc|panel=clean_gpt41+alpaca_davinci003=2.290;reagan|panel=clean_gpt41+alpaca_davinci003=2.113;stalin|panel=clean_gpt41+alpaca_davinci003=2.058;catholicism|panel=clean_gpt41+alpaca_davinci003=2.119;uk|panel=clean_gemma+alpaca_davinci003=3.134;nyc|panel=clean_gemma+alpaca_davinci003=2.243;reagan|panel=clean_gemma+alpaca_davinci003=2.055;stalin|panel=clean_gemma+alpaca_davinci003=1.593;catholicism|panel=clean_gemma+alpaca_davinci003=2.000;uk|panel=clean_gemma+clean_gpt41=3.039;nyc|panel=clean_gemma+clean_gpt41=2.917;reagan|panel=clean_gemma+clean_gpt41=1.819;stalin|panel=clean_gemma+clean_gpt41=3.918;catholicism|panel=clean_gemma+clean_gpt41=2.099,clean_gemma|panel=clean_gpt41+alpaca_davinci003=1.466;clean_gpt41|panel=clean_gemma+alpaca_davinci003=2.724;alpaca_davinci003|panel=clean_gemma+clean_gpt41=3.126,0.001,0.6667,0.6667,2,5,0.983,2.3046,0.3333,0.1182,0.6162,0.0005,0.000339,2947.2,max robust-z of the suspect row,1.0,36,canonical_document
P3,source_gemma-12b-it,2000,16562,20260726,20,100,5458348b04b12f45144712937f112f5b00dcc5fd+dirty,stats.py:4a479698d8c4 data.py:451659397c33 detectors/embed.py:1568e605cf62,79fc61f800e669a2,e5-base (110M),intfloat/e5-base-v2,bare,full-panel positives (size 3) vs leave-one-out negatives (size 2),clean_gemma+clean_gpt41+alpaca_davinci003,5,3,0.4,0.71429,0.01786,"{0.000, 0.333, 0.667, 1.000}",uk|panel=clean_gemma+clean_gpt41+alpaca_davinci003=2.233;nyc|panel=clean_gemma+clean_gpt41+alpaca_davinci003=2.259;reagan|panel=clean_gemma+clean_gpt41+alpaca_davinci003=1.663;stalin|panel=clean_gemma+clean_gpt41+alpaca_davinci003=1.157;catholicism|panel=clean_gemma+clean_gpt41+alpaca_davinci003=1.601,clean_gemma|panel=clean_gpt41+alpaca_davinci003=1.800;clean_gpt41|panel=clean_gemma+alpaca_davinci003=1.509;alpaca_davinci003|panel=clean_gemma+clean_gpt41=3.864,0.001,0.0,0.0,0,0,0.6316,3.8637,0.0,0.0,0.5218,0.0,0.0,inf,max robust-z of the suspect row,1.0,36,canonical_document
P3,source_gemma-12b-it,2000,16562,20260726,20,100,5458348b04b12f45144712937f112f5b00dcc5fd+dirty,stats.py:4a479698d8c4 data.py:451659397c33 detectors/embed.py:1568e605cf62,79fc61f800e669a2,e5-base (110M),intfloat/e5-base-v2,bare,full-panel positives (size 3) vs leave-one-out negatives (size 2),clean_gemma+clean_gpt41+alpaca_davinci003,5,3,0.4,0.71429,0.01786,"{0.000, 0.333, 0.667, 1.000}",uk|panel=clean_gemma+clean_gpt41+alpaca_davinci003=2.233;nyc|panel=clean_gemma+clean_gpt41+alpaca_davinci003=2.259;reagan|panel=clean_gemma+clean_gpt41+alpaca_davinci003=1.663;stalin|panel=clean_gemma+clean_gpt41+alpaca_davinci003=1.157;catholicism|panel=clean_gemma+clean_gpt41+alpaca_davinci003=1.601,clean_gemma|panel=clean_gpt41+alpaca_davinci003=1.800;clean_gpt41|panel=clean_gemma+alpaca_davinci003=1.509;alpaca_davinci003|panel=clean_gemma+clean_gpt41=3.864,0.001,0.3333,0.3333,1,0,0.8646,2.4876,0.0,0.0,0.5218,0.0,0.0,inf,max robust-z of the suspect row,1.0,36,canonical_document
P3,source_gemma-12b-it,2000,16562,20260726,20,100,5458348b04b12f45144712937f112f5b00dcc5fd+dirty,stats.py:4a479698d8c4 data.py:451659397c33 detectors/embed.py:1568e605cf62,79fc61f800e669a2,e5-base (110M),intfloat/e5-base-v2,bare,full-panel positives (size 3) vs leave-one-out negatives (size 2),clean_gemma+clean_gpt41+alpaca_davinci003,5,3,0.4,0.71429,0.01786,"{0.000, 0.333, 0.667, 1.000}",uk|panel=clean_gemma+clean_gpt41+alpaca_davinci003=2.233;nyc|panel=clean_gemma+clean_gpt41+alpaca_davinci003=2.259;reagan|panel=clean_gemma+clean_gpt41+alpaca_davinci003=1.663;stalin|panel=clean_gemma+clean_gpt41+alpaca_davinci003=1.157;catholicism|panel=clean_gemma+clean_gpt41+alpaca_davinci003=1.601,clean_gemma|panel=clean_gpt41+alpaca_davinci003=1.800;clean_gpt41|panel=clean_gemma+alpaca_davinci003=1.509;alpaca_davinci003|panel=clean_gemma+clean_gpt41=3.864,0.001,0.6667,0.6667,2,2,0.983,1.7027,0.4,0.0527,0.8534,0.0006,0.000407,2456.2,max robust-z of the suspect row,1.0,36,canonical_document
P3,source_gemma-12b-it,2000,16562,20260726,20,100,5458348b04b12f45144712937f112f5b00dcc5fd+dirty,stats.py:4a479698d8c4 data.py:451659397c33 detectors/embed.py:1568e605cf62,79fc61f800e669a2,e5-base (110M),intfloat/e5-base-v2,bare,matched panel size 2 (each clean corpus held out in turn),clean_gemma+clean_gpt41+alpaca_davinci003,15,3,0.4667,0.58824,0.00123,"{0.000, 0.333, 0.667, 1.000}",uk|panel=clean_gpt41+alpaca_davinci003=2.043;nyc|panel=clean_gpt41+alpaca_davinci003=1.823;reagan|panel=clean_gpt41+alpaca_davinci003=1.513;stalin|panel=clean_gpt41+alpaca_davinci003=1.448;catholicism|panel=clean_gpt41+alpaca_davinci003=1.586;uk|panel=clean_gemma+alpaca_davinci003=2.223;nyc|panel=clean_gemma+alpaca_davinci003=2.221;reagan|panel=clean_gemma+alpaca_davinci003=1.643;stalin|panel=clean_gemma+alpaca_davinci003=1.256;catholicism|panel=clean_gemma+alpaca_davinci003=1.492;uk|panel=clean_gemma+clean_gpt41=2.524;nyc|panel=clean_gemma+clean_gpt41=2.540;reagan|panel=clean_gemma+clean_gpt41=1.832;stalin|panel=clean_gemma+clean_gpt41=2.721;catholicism|panel=clean_gemma+clean_gpt41=1.896,clean_gemma|panel=clean_gpt41+alpaca_davinci003=1.800;clean_gpt41|panel=clean_gemma+alpaca_davinci003=1.509;alpaca_davinci003|panel=clean_gemma+clean_gpt41=3.864,0.001,0.0,0.0,0,0,0.6316,3.8637,0.0,0.0,0.218,0.0,0.0,inf,max robust-z of the suspect row,1.0,36,canonical_document
P3,source_gemma-12b-it,2000,16562,20260726,20,100,5458348b04b12f45144712937f112f5b00dcc5fd+dirty,stats.py:4a479698d8c4 data.py:451659397c33 detectors/embed.py:1568e605cf62,79fc61f800e669a2,e5-base (110M),intfloat/e5-base-v2,bare,matched panel size 2 (each clean corpus held out in turn),clean_gemma+clean_gpt41+alpaca_davinci003,15,3,0.4667,0.58824,0.00123,"{0.000, 0.333, 0.667, 1.000}",uk|panel=clean_gpt41+alpaca_davinci003=2.043;nyc|panel=clean_gpt41+alpaca_davinci003=1.823;reagan|panel=clean_gpt41+alpaca_davinci003=1.513;stalin|panel=clean_gpt41+alpaca_davinci003=1.448;catholicism|panel=clean_gpt41+alpaca_davinci003=1.586;uk|panel=clean_gemma+alpaca_davinci003=2.223;nyc|panel=clean_gemma+alpaca_davinci003=2.221;reagan|panel=clean_gemma+alpaca_davinci003=1.643;stalin|panel=clean_gemma+alpaca_davinci003=1.256;catholicism|panel=clean_gemma+alpaca_davinci003=1.492;uk|panel=clean_gemma+clean_gpt41=2.524;nyc|panel=clean_gemma+clean_gpt41=2.540;reagan|panel=clean_gemma+clean_gpt41=1.832;stalin|panel=clean_gemma+clean_gpt41=2.721;catholicism|panel=clean_gemma+clean_gpt41=1.896,clean_gemma|panel=clean_gpt41+alpaca_davinci003=1.800;clean_gpt41|panel=clean_gemma+alpaca_davinci003=1.509;alpaca_davinci003|panel=clean_gemma+clean_gpt41=3.864,0.001,0.3333,0.3333,1,3,0.8646,2.4876,0.2,0.0433,0.4809,0.0006,0.000231,4319.9,max robust-z of the suspect row,1.0,36,canonical_document
P3,source_gemma-12b-it,2000,16562,20260726,20,100,5458348b04b12f45144712937f112f5b00dcc5fd+dirty,stats.py:4a479698d8c4 data.py:451659397c33 detectors/embed.py:1568e605cf62,79fc61f800e669a2,e5-base (110M),intfloat/e5-base-v2,bare,matched panel size 2 (each clean corpus held out in turn),clean_gemma+clean_gpt41+alpaca_davinci003,15,3,0.4667,0.58824,0.00123,"{0.000, 0.333, 0.667, 1.000}",uk|panel=clean_gpt41+alpaca_davinci003=2.043;nyc|panel=clean_gpt41+alpaca_davinci003=1.823;reagan|panel=clean_gpt41+alpaca_davinci003=1.513;stalin|panel=clean_gpt41+alpaca_davinci003=1.448;catholicism|panel=clean_gpt41+alpaca_davinci003=1.586;uk|panel=clean_gemma+alpaca_davinci003=2.223;nyc|panel=clean_gemma+alpaca_davinci003=2.221;reagan|panel=clean_gemma+alpaca_davinci003=1.643;stalin|panel=clean_gemma+alpaca_davinci003=1.256;catholicism|panel=clean_gemma+alpaca_davinci003=1.492;uk|panel=clean_gemma+clean_gpt41=2.524;nyc|panel=clean_gemma+clean_gpt41=2.540;reagan|panel=clean_gemma+clean_gpt41=1.832;stalin|panel=clean_gemma+clean_gpt41=2.721;catholicism|panel=clean_gemma+clean_gpt41=1.896,clean_gemma|panel=clean_gpt41+alpaca_davinci003=1.800;clean_gpt41|panel=clean_gemma+alpaca_davinci003=1.509;alpaca_davinci003|panel=clean_gemma+clean_gpt41=3.864,0.001,0.6667,0.6667,2,9,0.983,1.7027,0.6,0.3229,0.8366,0.0009,0.000611,1637.8,max robust-z of the suspect row,1.0,36,canonical_document
X,source_gpt-4.1,2000,23086,20260726,20,100,5458348b04b12f45144712937f112f5b00dcc5fd+dirty,stats.py:4a479698d8c4 data.py:451659397c33 detectors/embed.py:1568e605cf62,eedc4bf7f4785547,mpnet-base (110M),sentence-transformers/all-mpnet-base-v2,descriptor,full-panel positives (size 3) vs leave-one-out negatives (size 2),clean_gemma+clean_gpt41+alpaca_davinci003,5,3,0.6667,0.28571,0.01786,"{0.000, 0.333, 0.667, 1.000}",uk|panel=clean_gemma+clean_gpt41+alpaca_davinci003=2.101;nyc|panel=clean_gemma+clean_gpt41+alpaca_davinci003=2.712;reagan|panel=clean_gemma+clean_gpt41+alpaca_davinci003=1.532;stalin|panel=clean_gemma+clean_gpt41+alpaca_davinci003=1.806;catholicism|panel=clean_gemma+clean_gpt41+alpaca_davinci003=1.566,clean_gemma|panel=clean_gpt41+alpaca_davinci003=1.462;clean_gpt41|panel=clean_gemma+alpaca_davinci003=1.385;alpaca_davinci003|panel=clean_gemma+clean_gpt41=4.561,0.001,0.0,0.0,0,0,0.6316,4.5611,0.0,0.0,0.5218,0.0,0.0,inf,max robust-z of the suspect row,1.0,36,canonical_document
X,source_gpt-4.1,2000,23086,20260726,20,100,5458348b04b12f45144712937f112f5b00dcc5fd+dirty,stats.py:4a479698d8c4 data.py:451659397c33 detectors/embed.py:1568e605cf62,eedc4bf7f4785547,mpnet-base (110M),sentence-transformers/all-mpnet-base-v2,descriptor,full-panel positives (size 3) vs leave-one-out negatives (size 2),clean_gemma+clean_gpt41+alpaca_davinci003,5,3,0.6667,0.28571,0.01786,"{0.000, 0.333, 0.667, 1.000}",uk|panel=clean_gemma+clean_gpt41+alpaca_davinci003=2.101;nyc|panel=clean_gemma+clean_gpt41+alpaca_davinci003=2.712;reagan|panel=clean_gemma+clean_gpt41+alpaca_davinci003=1.532;stalin|panel=clean_gemma+clean_gpt41+alpaca_davinci003=1.806;catholicism|panel=clean_gemma+clean_gpt41+alpaca_davinci003=1.566,clean_gemma|panel=clean_gpt41+alpaca_davinci003=1.462;clean_gpt41|panel=clean_gemma+alpaca_davinci003=1.385;alpaca_davinci003|panel=clean_gemma+clean_gpt41=4.561,0.001,0.3333,0.3333,1,1,0.8646,2.4949,0.2,0.0051,0.7164,0.0006,0.000231,4319.9,max robust-z of the suspect row,1.0,36,canonical_document
X,source_gpt-4.1,2000,23086,20260726,20,100,5458348b04b12f45144712937f112f5b00dcc5fd+dirty,stats.py:4a479698d8c4 data.py:451659397c33 detectors/embed.py:1568e605cf62,eedc4bf7f4785547,mpnet-base (110M),sentence-transformers/all-mpnet-base-v2,descriptor,full-panel positives (size 3) vs leave-one-out negatives (size 2),clean_gemma+clean_gpt41+alpaca_davinci003,5,3,0.6667,0.28571,0.01786,"{0.000, 0.333, 0.667, 1.000}",uk|panel=clean_gemma+clean_gpt41+alpaca_davinci003=2.101;nyc|panel=clean_gemma+clean_gpt41+alpaca_davinci003=2.712;reagan|panel=clean_gemma+clean_gpt41+alpaca_davinci003=1.532;stalin|panel=clean_gemma+clean_gpt41+alpaca_davinci003=1.806;catholicism|panel=clean_gemma+clean_gpt41+alpaca_davinci003=1.566,clean_gemma|panel=clean_gpt41+alpaca_davinci003=1.462;clean_gpt41|panel=clean_gemma+alpaca_davinci003=1.385;alpaca_davinci003|panel=clean_gemma+clean_gpt41=4.561,0.001,0.6667,0.6667,2,5,0.983,1.4361,1.0,0.4782,1.0,0.001499,0.001017,983.1,max robust-z of the suspect row,1.0,36,canonical_document
X,source_gpt-4.1,2000,23086,20260726,20,100,5458348b04b12f45144712937f112f5b00dcc5fd+dirty,stats.py:4a479698d8c4 data.py:451659397c33 detectors/embed.py:1568e605cf62,eedc4bf7f4785547,mpnet-base (110M),sentence-transformers/all-mpnet-base-v2,descriptor,matched panel size 2 (each clean corpus held out in turn),clean_gemma+clean_gpt41+alpaca_davinci003,15,3,0.6222,0.28676,0.00123,"{0.000, 0.333, 0.667, 1.000}",uk|panel=clean_gpt41+alpaca_davinci003=1.560;nyc|panel=clean_gpt41+alpaca_davinci003=1.851;reagan|panel=clean_gpt41+alpaca_davinci003=1.779;stalin|panel=clean_gpt41+alpaca_davinci003=1.934;catholicism|panel=clean_gpt41+alpaca_davinci003=1.763;uk|panel=clean_gemma+alpaca_davinci003=1.673;nyc|panel=clean_gemma+alpaca_davinci003=1.870;reagan|panel=clean_gemma+alpaca_davinci003=1.369;stalin|panel=clean_gemma+alpaca_davinci003=1.838;catholicism|panel=clean_gemma+alpaca_davinci003=1.582;uk|panel=clean_gemma+clean_gpt41=3.070;nyc|panel=clean_gemma+clean_gpt41=3.785;reagan|panel=clean_gemma+clean_gpt41=3.908;stalin|panel=clean_gemma+clean_gpt41=1.876;catholicism|panel=clean_gemma+clean_gpt41=1.883,clean_gemma|panel=clean_gpt41+alpaca_davinci003=1.462;clean_gpt41|panel=clean_gemma+alpaca_davinci003=1.385;alpaca_davinci003|panel=clean_gemma+clean_gpt41=4.561,0.001,0.0,0.0,0,0,0.6316,4.5611,0.0,0.0,0.218,0.0,0.0,inf,max robust-z of the suspect row,1.0,36,canonical_document
X,source_gpt-4.1,2000,23086,20260726,20,100,5458348b04b12f45144712937f112f5b00dcc5fd+dirty,stats.py:4a479698d8c4 data.py:451659397c33 detectors/embed.py:1568e605cf62,eedc4bf7f4785547,mpnet-base (110M),sentence-transformers/all-mpnet-base-v2,descriptor,matched panel size 2 (each clean corpus held out in turn),clean_gemma+clean_gpt41+alpaca_davinci003,15,3,0.6222,0.28676,0.00123,"{0.000, 0.333, 0.667, 1.000}",uk|panel=clean_gpt41+alpaca_davinci003=1.560;nyc|panel=clean_gpt41+alpaca_davinci003=1.851;reagan|panel=clean_gpt41+alpaca_davinci003=1.779;stalin|panel=clean_gpt41+alpaca_davinci003=1.934;catholicism|panel=clean_gpt41+alpaca_davinci003=1.763;uk|panel=clean_gemma+alpaca_davinci003=1.673;nyc|panel=clean_gemma+alpaca_davinci003=1.870;reagan|panel=clean_gemma+alpaca_davinci003=1.369;stalin|panel=clean_gemma+alpaca_davinci003=1.838;catholicism|panel=clean_gemma+alpaca_davinci003=1.582;uk|panel=clean_gemma+clean_gpt41=3.070;nyc|panel=clean_gemma+clean_gpt41=3.785;reagan|panel=clean_gemma+clean_gpt41=3.908;stalin|panel=clean_gemma+clean_gpt41=1.876;catholicism|panel=clean_gemma+clean_gpt41=1.883,clean_gemma|panel=clean_gpt41+alpaca_davinci003=1.462;clean_gpt41|panel=clean_gemma+alpaca_davinci003=1.385;alpaca_davinci003|panel=clean_gemma+clean_gpt41=4.561,0.001,0.3333,0.3333,1,3,0.8646,2.4949,0.2,0.0433,0.4809,0.0006,0.000231,4319.9,max robust-z of the suspect row,1.0,36,canonical_document
X,source_gpt-4.1,2000,23086,20260726,20,100,5458348b04b12f45144712937f112f5b00dcc5fd+dirty,stats.py:4a479698d8c4 data.py:451659397c33 detectors/embed.py:1568e605cf62,eedc4bf7f4785547,mpnet-base (110M),sentence-transformers/all-mpnet-base-v2,descriptor,matched panel size 2 (each clean corpus held out in turn),clean_gemma+clean_gpt41+alpaca_davinci003,15,3,0.6222,0.28676,0.00123,"{0.000, 0.333, 0.667, 1.000}",uk|panel=clean_gpt41+alpaca_davinci003=1.560;nyc|panel=clean_gpt41+alpaca_davinci003=1.851;reagan|panel=clean_gpt41+alpaca_davinci003=1.779;stalin|panel=clean_gpt41+alpaca_davinci003=1.934;catholicism|panel=clean_gpt41+alpaca_davinci003=1.763;uk|panel=clean_gemma+alpaca_davinci003=1.673;nyc|panel=clean_gemma+alpaca_davinci003=1.870;reagan|panel=clean_gemma+alpaca_davinci003=1.369;stalin|panel=clean_gemma+alpaca_davinci003=1.838;catholicism|panel=clean_gemma+alpaca_davinci003=1.582;uk|panel=clean_gemma+clean_gpt41=3.070;nyc|panel=clean_gemma+clean_gpt41=3.785;reagan|panel=clean_gemma+clean_gpt41=3.908;stalin|panel=clean_gemma+clean_gpt41=1.876;catholicism|panel=clean_gemma+clean_gpt41=1.883,clean_gemma|panel=clean_gpt41+alpaca_davinci003=1.462;clean_gpt41|panel=clean_gemma+alpaca_davinci003=1.385;alpaca_davinci003|panel=clean_gemma+clean_gpt41=4.561,0.001,0.6667,0.6667,2,14,0.983,1.4361,0.9333,0.6805,0.9983,0.001399,0.000949,1053.2,max robust-z of the suspect row,1.0,36,canonical_document
X,source_gpt-4.1,2000,23086,20260726,20,100,5458348b04b12f45144712937f112f5b00dcc5fd+dirty,stats.py:4a479698d8c4 data.py:451659397c33 detectors/embed.py:1568e605cf62,eedc4bf7f4785547,mpnet-base (110M),sentence-transformers/all-mpnet-base-v2,bare,full-panel positives (size 3) vs leave-one-out negatives (size 2),clean_gemma+clean_gpt41+alpaca_davinci003,5,3,0.9333,0.03571,0.01786,"{0.000, 0.333, 0.667, 1.000}",uk|panel=clean_gemma+clean_gpt41+alpaca_davinci003=2.944;nyc|panel=clean_gemma+clean_gpt41+alpaca_davinci003=3.098;reagan|panel=clean_gemma+clean_gpt41+alpaca_davinci003=3.081;stalin|panel=clean_gemma+clean_gpt41+alpaca_davinci003=2.819;catholicism|panel=clean_gemma+clean_gpt41+alpaca_davinci003=4.480,clean_gemma|panel=clean_gpt41+alpaca_davinci003=1.783;clean_gpt41|panel=clean_gemma+alpaca_davinci003=2.845;alpaca_davinci003|panel=clean_gemma+clean_gpt41=1.515,0.001,0.0,0.0,0,4,0.6316,2.8449,0.8,0.2836,0.9949,1.0,0.001266,789.7,max robust-z of the suspect row,1.0,36,canonical_document
X,source_gpt-4.1,2000,23086,20260726,20,100,5458348b04b12f45144712937f112f5b00dcc5fd+dirty,stats.py:4a479698d8c4 data.py:451659397c33 detectors/embed.py:1568e605cf62,eedc4bf7f4785547,mpnet-base (110M),sentence-transformers/all-mpnet-base-v2,bare,full-panel positives (size 3) vs leave-one-out negatives (size 2),clean_gemma+clean_gpt41+alpaca_davinci003,5,3,0.9333,0.03571,0.01786,"{0.000, 0.333, 0.667, 1.000}",uk|panel=clean_gemma+clean_gpt41+alpaca_davinci003=2.944;nyc|panel=clean_gemma+clean_gpt41+alpaca_davinci003=3.098;reagan|panel=clean_gemma+clean_gpt41+alpaca_davinci003=3.081;stalin|panel=clean_gemma+clean_gpt41+alpaca_davinci003=2.819;catholicism|panel=clean_gemma+clean_gpt41+alpaca_davinci003=4.480,clean_gemma|panel=clean_gpt41+alpaca_davinci003=1.783;clean_gpt41|panel=clean_gemma+alpaca_davinci003=2.845;alpaca_davinci003|panel=clean_gemma+clean_gpt41=1.515,0.001,0.3333,0.3333,1,5,0.8646,2.1373,1.0,0.4782,1.0,0.002994,0.001156,864.8,max robust-z of the suspect row,1.0,36,canonical_document
X,source_gpt-4.1,2000,23086,20260726,20,100,5458348b04b12f45144712937f112f5b00dcc5fd+dirty,stats.py:4a479698d8c4 data.py:451659397c33 detectors/embed.py:1568e605cf62,eedc4bf7f4785547,mpnet-base (110M),sentence-transformers/all-mpnet-base-v2,bare,full-panel positives (size 3) vs leave-one-out negatives (size 2),clean_gemma+clean_gpt41+alpaca_davinci003,5,3,0.9333,0.03571,0.01786,"{0.000, 0.333, 0.667, 1.000}",uk|panel=clean_gemma+clean_gpt41+alpaca_davinci003=2.944;nyc|panel=clean_gemma+clean_gpt41+alpaca_davinci003=3.098;reagan|panel=clean_gemma+clean_gpt41+alpaca_davinci003=3.081;stalin|panel=clean_gemma+clean_gpt41+alpaca_davinci003=2.819;catholicism|panel=clean_gemma+clean_gpt41+alpaca_davinci003=4.480,clean_gemma|panel=clean_gpt41+alpaca_davinci003=1.783;clean_gpt41|panel=clean_gemma+alpaca_davinci003=2.845;alpaca_davinci003|panel=clean_gemma+clean_gpt41=1.515,0.001,0.6667,0.6667,2,5,0.983,1.694,1.0,0.4782,1.0,0.001499,0.001017,983.1,max robust-z of the suspect row,1.0,36,canonical_document
X,source_gpt-4.1,2000,23086,20260726,20,100,5458348b04b12f45144712937f112f5b00dcc5fd+dirty,stats.py:4a479698d8c4 data.py:451659397c33 detectors/embed.py:1568e605cf62,eedc4bf7f4785547,mpnet-base (110M),sentence-transformers/all-mpnet-base-v2,bare,matched panel size 2 (each clean corpus held out in turn),clean_gemma+clean_gpt41+alpaca_davinci003,15,3,0.8222,0.05025,0.00123,"{0.000, 0.333, 0.667, 1.000}",uk|panel=clean_gpt41+alpaca_davinci003=2.429;nyc|panel=clean_gpt41+alpaca_davinci003=2.998;reagan|panel=clean_gpt41+alpaca_davinci003=2.925;stalin|panel=clean_gpt41+alpaca_davinci003=2.806;catholicism|panel=clean_gpt41+alpaca_davinci003=4.201;uk|panel=clean_gemma+alpaca_davinci003=2.982;nyc|panel=clean_gemma+alpaca_davinci003=2.903;reagan|panel=clean_gemma+alpaca_davinci003=2.843;stalin|panel=clean_gemma+alpaca_davinci003=2.618;catholicism|panel=clean_gemma+alpaca_davinci003=3.867;uk|panel=clean_gemma+clean_gpt41=3.031;nyc|panel=clean_gemma+clean_gpt41=4.506;reagan|panel=clean_gemma+clean_gpt41=2.987;stalin|panel=clean_gemma+clean_gpt41=1.513;catholicism|panel=clean_gemma+clean_gpt41=2.220,clean_gemma|panel=clean_gpt41+alpaca_davinci003=1.783;clean_gpt41|panel=clean_gemma+alpaca_davinci003=2.845;alpaca_davinci003|panel=clean_gemma+clean_gpt41=1.515,0.001,0.0,0.0,0,9,0.6316,2.8449,0.6,0.3229,0.8366,1.0,0.00095,1052.6,max robust-z of the suspect row,1.0,36,canonical_document
X,source_gpt-4.1,2000,23086,20260726,20,100,5458348b04b12f45144712937f112f5b00dcc5fd+dirty,stats.py:4a479698d8c4 data.py:451659397c33 detectors/embed.py:1568e605cf62,eedc4bf7f4785547,mpnet-base (110M),sentence-transformers/all-mpnet-base-v2,bare,matched panel size 2 (each clean corpus held out in turn),clean_gemma+clean_gpt41+alpaca_davinci003,15,3,0.8222,0.05025,0.00123,"{0.000, 0.333, 0.667, 1.000}",uk|panel=clean_gpt41+alpaca_davinci003=2.429;nyc|panel=clean_gpt41+alpaca_davinci003=2.998;reagan|panel=clean_gpt41+alpaca_davinci003=2.925;stalin|panel=clean_gpt41+alpaca_davinci003=2.806;catholicism|panel=clean_gpt41+alpaca_davinci003=4.201;uk|panel=clean_gemma+alpaca_davinci003=2.982;nyc|panel=clean_gemma+alpaca_davinci003=2.903;reagan|panel=clean_gemma+alpaca_davinci003=2.843;stalin|panel=clean_gemma+alpaca_davinci003=2.618;catholicism|panel=clean_gemma+alpaca_davinci003=3.867;uk|panel=clean_gemma+clean_gpt41=3.031;nyc|panel=clean_gemma+clean_gpt41=4.506;reagan|panel=clean_gemma+clean_gpt41=2.987;stalin|panel=clean_gemma+clean_gpt41=1.513;catholicism|panel=clean_gemma+clean_gpt41=2.220,clean_gemma|panel=clean_gpt41+alpaca_davinci003=1.783;clean_gpt41|panel=clean_gemma+alpaca_davinci003=2.845;alpaca_davinci003|panel=clean_gemma+clean_gpt41=1.515,0.001,0.3333,0.3333,1,14,0.8646,2.1373,0.9333,0.6805,0.9983,0.002795,0.001079,926.5,max robust-z of the suspect row,1.0,36,canonical_document
X,source_gpt-4.1,2000,23086,20260726,20,100,5458348b04b12f45144712937f112f5b00dcc5fd+dirty,stats.py:4a479698d8c4 data.py:451659397c33 detectors/embed.py:1568e605cf62,eedc4bf7f4785547,mpnet-base (110M),sentence-transformers/all-mpnet-base-v2,bare,matched panel size 2 (each clean corpus held out in turn),clean_gemma+clean_gpt41+alpaca_davinci003,15,3,0.8222,0.05025,0.00123,"{0.000, 0.333, 0.667, 1.000}",uk|panel=clean_gpt41+alpaca_davinci003=2.429;nyc|panel=clean_gpt41+alpaca_davinci003=2.998;reagan|panel=clean_gpt41+alpaca_davinci003=2.925;stalin|panel=clean_gpt41+alpaca_davinci003=2.806;catholicism|panel=clean_gpt41+alpaca_davinci003=4.201;uk|panel=clean_gemma+alpaca_davinci003=2.982;nyc|panel=clean_gemma+alpaca_davinci003=2.903;reagan|panel=clean_gemma+alpaca_davinci003=2.843;stalin|panel=clean_gemma+alpaca_davinci003=2.618;catholicism|panel=clean_gemma+alpaca_davinci003=3.867;uk|panel=clean_gemma+clean_gpt41=3.031;nyc|panel=clean_gemma+clean_gpt41=4.506;reagan|panel=clean_gemma+clean_gpt41=2.987;stalin|panel=clean_gemma+clean_gpt41=1.513;catholicism|panel=clean_gemma+clean_gpt41=2.220,clean_gemma|panel=clean_gpt41+alpaca_davinci003=1.783;clean_gpt41|panel=clean_gemma+alpaca_davinci003=2.845;alpaca_davinci003|panel=clean_gemma+clean_gpt41=1.515,0.001,0.6667,0.6667,2,14,0.983,1.694,0.9333,0.6805,0.9983,0.001399,0.000949,1053.2,max robust-z of the suspect row,1.0,36,canonical_document
X,source_gpt-4.1,2000,23086,20260726,20,100,5458348b04b12f45144712937f112f5b00dcc5fd+dirty,stats.py:4a479698d8c4 data.py:451659397c33 detectors/embed.py:1568e605cf62,eedc4bf7f4785547,e5-base (110M),intfloat/e5-base-v2,descriptor,full-panel positives (size 3) vs leave-one-out negatives (size 2),clean_gemma+clean_gpt41+alpaca_davinci003,5,3,0.7333,0.19643,0.01786,"{0.000, 0.333, 0.667, 1.000}",uk|panel=clean_gemma+clean_gpt41+alpaca_davinci003=3.257;nyc|panel=clean_gemma+clean_gpt41+alpaca_davinci003=2.760;reagan|panel=clean_gemma+clean_gpt41+alpaca_davinci003=3.882;stalin|panel=clean_gemma+clean_gpt41+alpaca_davinci003=2.747;catholicism|panel=clean_gemma+clean_gpt41+alpaca_davinci003=2.365,clean_gemma|panel=clean_gpt41+alpaca_davinci003=1.864;clean_gpt41|panel=clean_gemma+alpaca_davinci003=1.824;alpaca_davinci003|panel=clean_gemma+clean_gpt41=3.598,0.001,0.0,0.0,0,1,0.6316,3.5976,0.2,0.0051,0.7164,1.0,0.000317,3155.8,max robust-z of the suspect row,1.0,36,legacy_completion
X,source_gpt-4.1,2000,23086,20260726,20,100,5458348b04b12f45144712937f112f5b00dcc5fd+dirty,stats.py:4a479698d8c4 data.py:451659397c33 detectors/embed.py:1568e605cf62,eedc4bf7f4785547,e5-base (110M),intfloat/e5-base-v2,descriptor,full-panel positives (size 3) vs leave-one-out negatives (size 2),clean_gemma+clean_gpt41+alpaca_davinci003,5,3,0.7333,0.19643,0.01786,"{0.000, 0.333, 0.667, 1.000}",uk|panel=clean_gemma+clean_gpt41+alpaca_davinci003=3.257;nyc|panel=clean_gemma+clean_gpt41+alpaca_davinci003=2.760;reagan|panel=clean_gemma+clean_gpt41+alpaca_davinci003=3.882;stalin|panel=clean_gemma+clean_gpt41+alpaca_davinci003=2.747;catholicism|panel=clean_gemma+clean_gpt41+alpaca_davinci003=2.365,clean_gemma|panel=clean_gpt41+alpaca_davinci003=1.864;clean_gpt41|panel=clean_gemma+alpaca_davinci003=1.824;alpaca_davinci003|panel=clean_gemma+clean_gpt41=3.598,0.001,0.3333,0.3333,1,4,0.8646,2.4415,0.8,0.2836,0.9949,0.002397,0.000925,1080.7,max robust-z of the suspect row,1.0,36,legacy_completion
X,source_gpt-4.1,2000,23086,20260726,20,100,5458348b04b12f45144712937f112f5b00dcc5fd+dirty,stats.py:4a479698d8c4 data.py:451659397c33 detectors/embed.py:1568e605cf62,eedc4bf7f4785547,e5-base (110M),intfloat/e5-base-v2,descriptor,full-panel positives (size 3) vs leave-one-out negatives (size 2),clean_gemma+clean_gpt41+alpaca_davinci003,5,3,0.7333,0.19643,0.01786,"{0.000, 0.333, 0.667, 1.000}",uk|panel=clean_gemma+clean_gpt41+alpaca_davinci003=3.257;nyc|panel=clean_gemma+clean_gpt41+alpaca_davinci003=2.760;reagan|panel=clean_gemma+clean_gpt41+alpaca_davinci003=3.882;stalin|panel=clean_gemma+clean_gpt41+alpaca_davinci003=2.747;catholicism|panel=clean_gemma+clean_gpt41+alpaca_davinci003=2.365,clean_gemma|panel=clean_gpt41+alpaca_davinci003=1.864;clean_gpt41|panel=clean_gemma+alpaca_davinci003=1.824;alpaca_davinci003|panel=clean_gemma+clean_gpt41=3.598,0.001,0.6667,0.6667,2,5,0.983,1.8505,1.0,0.4782,1.0,0.001499,0.001017,983.1,max robust-z of the suspect row,1.0,36,legacy_completion
X,source_gpt-4.1,2000,23086,20260726,20,100,5458348b04b12f45144712937f112f5b00dcc5fd+dirty,stats.py:4a479698d8c4 data.py:451659397c33 detectors/embed.py:1568e605cf62,eedc4bf7f4785547,e5-base (110M),intfloat/e5-base-v2,descriptor,matched panel size 2 (each clean corpus held out in turn),clean_gemma+clean_gpt41+alpaca_davinci003,15,3,0.6,0.32721,0.00123,"{0.000, 0.333, 0.667, 1.000}",uk|panel=clean_gpt41+alpaca_davinci003=3.846;nyc|panel=clean_gpt41+alpaca_davinci003=1.755;reagan|panel=clean_gpt41+alpaca_davinci003=2.490;stalin|panel=clean_gpt41+alpaca_davinci003=1.948;catholicism|panel=clean_gpt41+alpaca_davinci003=1.903;uk|panel=clean_gemma+alpaca_davinci003=2.458;nyc|panel=clean_gemma+alpaca_davinci003=2.382;reagan|panel=clean_gemma+alpaca_davinci003=3.581;stalin|panel=clean_gemma+alpaca_davinci003=3.065;catholicism|panel=clean_gemma+alpaca_davinci003=2.803;uk|panel=clean_gemma+clean_gpt41=1.507;nyc|panel=clean_gemma+clean_gpt41=3.080;reagan|panel=clean_gemma+clean_gpt41=1.942;stalin|panel=clean_gemma+clean_gpt41=2.943;catholicism|panel=clean_gemma+clean_gpt41=2.359,clean_gemma|panel=clean_gpt41+alpaca_davinci003=1.864;clean_gpt41|panel=clean_gemma+alpaca_davinci003=1.824;alpaca_davinci003|panel=clean_gemma+clean_gpt41=3.598,0.001,0.0,0.0,0,1,0.6316,3.5976,0.0667,0.0017,0.3195,1.0,0.000106,9465.5,max robust-z of the suspect row,1.0,36,legacy_completion
X,source_gpt-4.1,2000,23086,20260726,20,100,5458348b04b12f45144712937f112f5b00dcc5fd+dirty,stats.py:4a479698d8c4 data.py:451659397c33 detectors/embed.py:1568e605cf62,eedc4bf7f4785547,e5-base (110M),intfloat/e5-base-v2,descriptor,matched panel size 2 (each clean corpus held out in turn),clean_gemma+clean_gpt41+alpaca_davinci003,15,3,0.6,0.32721,0.00123,"{0.000, 0.333, 0.667, 1.000}",uk|panel=clean_gpt41+alpaca_davinci003=3.846;nyc|panel=clean_gpt41+alpaca_davinci003=1.755;reagan|panel=clean_gpt41+alpaca_davinci003=2.490;stalin|panel=clean_gpt41+alpaca_davinci003=1.948;catholicism|panel=clean_gpt41+alpaca_davinci003=1.903;uk|panel=clean_gemma+alpaca_davinci003=2.458;nyc|panel=clean_gemma+alpaca_davinci003=2.382;reagan|panel=clean_gemma+alpaca_davinci003=3.581;stalin|panel=clean_gemma+alpaca_davinci003=3.065;catholicism|panel=clean_gemma+alpaca_davinci003=2.803;uk|panel=clean_gemma+clean_gpt41=1.507;nyc|panel=clean_gemma+clean_gpt41=3.080;reagan|panel=clean_gemma+clean_gpt41=1.942;stalin|panel=clean_gemma+clean_gpt41=2.943;catholicism|panel=clean_gemma+clean_gpt41=2.359,clean_gemma|panel=clean_gpt41+alpaca_davinci003=1.864;clean_gpt41|panel=clean_gemma+alpaca_davinci003=1.824;alpaca_davinci003|panel=clean_gemma+clean_gpt41=3.598,0.001,0.3333,0.3333,1,8,0.8646,2.4415,0.5333,0.2659,0.7873,0.001599,0.000617,1620.6,max robust-z of the suspect row,1.0,36,legacy_completion
X,source_gpt-4.1,2000,23086,20260726,20,100,5458348b04b12f45144712937f112f5b00dcc5fd+dirty,stats.py:4a479698d8c4 data.py:451659397c33 detectors/embed.py:1568e605cf62,eedc4bf7f4785547,e5-base (110M),intfloat/e5-base-v2,descriptor,matched panel size 2 (each clean corpus held out in turn),clean_gemma+clean_gpt41+alpaca_davinci003,15,3,0.6,0.32721,0.00123,"{0.000, 0.333, 0.667, 1.000}",uk|panel=clean_gpt41+alpaca_davinci003=3.846;nyc|panel=clean_gpt41+alpaca_davinci003=1.755;reagan|panel=clean_gpt41+alpaca_davinci003=2.490;stalin|panel=clean_gpt41+alpaca_davinci003=1.948;catholicism|panel=clean_gpt41+alpaca_davinci003=1.903;uk|panel=clean_gemma+alpaca_davinci003=2.458;nyc|panel=clean_gemma+alpaca_davinci003=2.382;reagan|panel=clean_gemma+alpaca_davinci003=3.581;stalin|panel=clean_gemma+alpaca_davinci003=3.065;catholicism|panel=clean_gemma+alpaca_davinci003=2.803;uk|panel=clean_gemma+clean_gpt41=1.507;nyc|panel=clean_gemma+clean_gpt41=3.080;reagan|panel=clean_gemma+clean_gpt41=1.942;stalin|panel=clean_gemma+clean_gpt41=2.943;catholicism|panel=clean_gemma+clean_gpt41=2.359,clean_gemma|panel=clean_gpt41+alpaca_davinci003=1.864;clean_gpt41|panel=clean_gemma+alpaca_davinci003=1.824;alpaca_davinci003|panel=clean_gemma+clean_gpt41=3.598,0.001,0.6667,0.6667,2,13,0.983,1.8505,0.8667,0.5954,0.9834,0.0013,0.000882,1134.2,max robust-z of the suspect row,1.0,36,legacy_completion
X,source_gpt-4.1,2000,23086,20260726,20,100,5458348b04b12f45144712937f112f5b00dcc5fd+dirty,stats.py:4a479698d8c4 data.py:451659397c33 detectors/embed.py:1568e605cf62,eedc4bf7f4785547,e5-base (110M),intfloat/e5-base-v2,bare,full-panel positives (size 3) vs leave-one-out negatives (size 2),clean_gemma+clean_gpt41+alpaca_davinci003,5,3,0.6667,0.28571,0.01786,"{0.000, 0.333, 0.667, 1.000}",uk|panel=clean_gemma+clean_gpt41+alpaca_davinci003=2.800;nyc|panel=clean_gemma+clean_gpt41+alpaca_davinci003=2.301;reagan|panel=clean_gemma+clean_gpt41+alpaca_davinci003=3.529;stalin|panel=clean_gemma+clean_gpt41+alpaca_davinci003=2.745;catholicism|panel=clean_gemma+clean_gpt41+alpaca_davinci003=2.231,clean_gemma|panel=clean_gpt41+alpaca_davinci003=1.543;clean_gpt41|panel=clean_gemma+alpaca_davinci003=1.715;alpaca_davinci003|panel=clean_gemma+clean_gpt41=4.847,0.001,0.0,0.0,0,0,0.6316,4.8468,0.0,0.0,0.5218,0.0,0.0,inf,max robust-z of the suspect row,1.0,36,legacy_completion
X,source_gpt-4.1,2000,23086,20260726,20,100,5458348b04b12f45144712937f112f5b00dcc5fd+dirty,stats.py:4a479698d8c4 data.py:451659397c33 detectors/embed.py:1568e605cf62,eedc4bf7f4785547,e5-base (110M),intfloat/e5-base-v2,bare,full-panel positives (size 3) vs leave-one-out negatives (size 2),clean_gemma+clean_gpt41+alpaca_davinci003,5,3,0.6667,0.28571,0.01786,"{0.000, 0.333, 0.667, 1.000}",uk|panel=clean_gemma+clean_gpt41+alpaca_davinci003=2.800;nyc|panel=clean_gemma+clean_gpt41+alpaca_davinci003=2.301;reagan|panel=clean_gemma+clean_gpt41+alpaca_davinci003=3.529;stalin|panel=clean_gemma+clean_gpt41+alpaca_davinci003=2.745;catholicism|panel=clean_gemma+clean_gpt41+alpaca_davinci003=2.231,clean_gemma|panel=clean_gpt41+alpaca_davinci003=1.543;clean_gpt41|panel=clean_gemma+alpaca_davinci003=1.715;alpaca_davinci003|panel=clean_gemma+clean_gpt41=4.847,0.001,0.3333,0.3333,1,2,0.8646,2.7586,0.4,0.0527,0.8534,0.0012,0.000463,2160.5,max robust-z of the suspect row,1.0,36,legacy_completion
X,source_gpt-4.1,2000,23086,20260726,20,100,5458348b04b12f45144712937f112f5b00dcc5fd+dirty,stats.py:4a479698d8c4 data.py:451659397c33 detectors/embed.py:1568e605cf62,eedc4bf7f4785547,e5-base (110M),intfloat/e5-base-v2,bare,full-panel positives (size 3) vs leave-one-out negatives (size 2),clean_gemma+clean_gpt41+alpaca_davinci003,5,3,0.6667,0.28571,0.01786,"{0.000, 0.333, 0.667, 1.000}",uk|panel=clean_gemma+clean_gpt41+alpaca_davinci003=2.800;nyc|panel=clean_gemma+clean_gpt41+alpaca_davinci003=2.301;reagan|panel=clean_gemma+clean_gpt41+alpaca_davinci003=3.529;stalin|panel=clean_gemma+clean_gpt41+alpaca_davinci003=2.745;catholicism|panel=clean_gemma+clean_gpt41+alpaca_davinci003=2.231,clean_gemma|panel=clean_gpt41+alpaca_davinci003=1.543;clean_gpt41|panel=clean_gemma+alpaca_davinci003=1.715;alpaca_davinci003|panel=clean_gemma+clean_gpt41=4.847,0.001,0.6667,0.6667,2,5,0.983,1.6574,1.0,0.4782,1.0,0.001499,0.001017,983.1,max robust-z of the suspect row,1.0,36,legacy_completion
X,source_gpt-4.1,2000,23086,20260726,20,100,5458348b04b12f45144712937f112f5b00dcc5fd+dirty,stats.py:4a479698d8c4 data.py:451659397c33 detectors/embed.py:1568e605cf62,eedc4bf7f4785547,e5-base (110M),intfloat/e5-base-v2,bare,matched panel size 2 (each clean corpus held out in turn),clean_gemma+clean_gpt41+alpaca_davinci003,15,3,0.6667,0.21324,0.00123,"{0.000, 0.333, 0.667, 1.000}",uk|panel=clean_gpt41+alpaca_davinci003=2.652;nyc|panel=clean_gpt41+alpaca_davinci003=2.208;reagan|panel=clean_gpt41+alpaca_davinci003=2.250;stalin|panel=clean_gpt41+alpaca_davinci003=2.405;catholicism|panel=clean_gpt41+alpaca_davinci003=2.230;uk|panel=clean_gemma+alpaca_davinci003=2.396;nyc|panel=clean_gemma+alpaca_davinci003=1.779;reagan|panel=clean_gemma+alpaca_davinci003=2.373;stalin|panel=clean_gemma+alpaca_davinci003=2.544;catholicism|panel=clean_gemma+alpaca_davinci003=2.063;uk|panel=clean_gemma+clean_gpt41=2.613;nyc|panel=clean_gemma+clean_gpt41=3.059;reagan|panel=clean_gemma+clean_gpt41=3.938;stalin|panel=clean_gemma+clean_gpt41=3.421;catholicism|panel=clean_gemma+clean_gpt41=3.600,clean_gemma|panel=clean_gpt41+alpaca_davinci003=1.543;clean_gpt41|panel=clean_gemma+alpaca_davinci003=1.715;alpaca_davinci003|panel=clean_gemma+clean_gpt41=4.847,0.001,0.0,0.0,0,0,0.6316,4.8468,0.0,0.0,0.218,0.0,0.0,inf,max robust-z of the suspect row,1.0,36,legacy_completion
X,source_gpt-4.1,2000,23086,20260726,20,100,5458348b04b12f45144712937f112f5b00dcc5fd+dirty,stats.py:4a479698d8c4 data.py:451659397c33 detectors/embed.py:1568e605cf62,eedc4bf7f4785547,e5-base (110M),intfloat/e5-base-v2,bare,matched panel size 2 (each clean corpus held out in turn),clean_gemma+clean_gpt41+alpaca_davinci003,15,3,0.6667,0.21324,0.00123,"{0.000, 0.333, 0.667, 1.000}",uk|panel=clean_gpt41+alpaca_davinci003=2.652;nyc|panel=clean_gpt41+alpaca_davinci003=2.208;reagan|panel=clean_gpt41+alpaca_davinci003=2.250;stalin|panel=clean_gpt41+alpaca_davinci003=2.405;catholicism|panel=clean_gpt41+alpaca_davinci003=2.230;uk|panel=clean_gemma+alpaca_davinci003=2.396;nyc|panel=clean_gemma+alpaca_davinci003=1.779;reagan|panel=clean_gemma+alpaca_davinci003=2.373;stalin|panel=clean_gemma+alpaca_davinci003=2.544;catholicism|panel=clean_gemma+alpaca_davinci003=2.063;uk|panel=clean_gemma+clean_gpt41=2.613;nyc|panel=clean_gemma+clean_gpt41=3.059;reagan|panel=clean_gemma+clean_gpt41=3.938;stalin|panel=clean_gemma+clean_gpt41=3.421;catholicism|panel=clean_gemma+clean_gpt41=3.600,clean_gemma|panel=clean_gpt41+alpaca_davinci003=1.543;clean_gpt41|panel=clean_gemma+alpaca_davinci003=1.715;alpaca_davinci003|panel=clean_gemma+clean_gpt41=4.847,0.001,0.3333,0.3333,1,4,0.8646,2.7586,0.2667,0.0779,0.551,0.0008,0.000309,3240.2,max robust-z of the suspect row,1.0,36,legacy_completion
X,source_gpt-4.1,2000,23086,20260726,20,100,5458348b04b12f45144712937f112f5b00dcc5fd+dirty,stats.py:4a479698d8c4 data.py:451659397c33 detectors/embed.py:1568e605cf62,eedc4bf7f4785547,e5-base (110M),intfloat/e5-base-v2,bare,matched panel size 2 (each clean corpus held out in turn),clean_gemma+clean_gpt41+alpaca_davinci003,15,3,0.6667,0.21324,0.00123,"{0.000, 0.333, 0.667, 1.000}",uk|panel=clean_gpt41+alpaca_davinci003=2.652;nyc|panel=clean_gpt41+alpaca_davinci003=2.208;reagan|panel=clean_gpt41+alpaca_davinci003=2.250;stalin|panel=clean_gpt41+alpaca_davinci003=2.405;catholicism|panel=clean_gpt41+alpaca_davinci003=2.230;uk|panel=clean_gemma+alpaca_davinci003=2.396;nyc|panel=clean_gemma+alpaca_davinci003=1.779;reagan|panel=clean_gemma+alpaca_davinci003=2.373;stalin|panel=clean_gemma+alpaca_davinci003=2.544;catholicism|panel=clean_gemma+alpaca_davinci003=2.063;uk|panel=clean_gemma+clean_gpt41=2.613;nyc|panel=clean_gemma+clean_gpt41=3.059;reagan|panel=clean_gemma+clean_gpt41=3.938;stalin|panel=clean_gemma+clean_gpt41=3.421;catholicism|panel=clean_gemma+clean_gpt41=3.600,clean_gemma|panel=clean_gpt41+alpaca_davinci003=1.543;clean_gpt41|panel=clean_gemma+alpaca_davinci003=1.715;alpaca_davinci003|panel=clean_gemma+clean_gpt41=4.847,0.001,0.6667,0.6667,2,15,0.983,1.6574,1.0,0.782,1.0,0.001499,0.001017,983.1,max robust-z of the suspect row,1.0,36,legacy_completion
X,source_gpt-4.1,2000,23086,20260726,20,100,5458348b04b12f45144712937f112f5b00dcc5fd+dirty,stats.py:4a479698d8c4 data.py:451659397c33 detectors/embed.py:1568e605cf62,eedc4bf7f4785547,e5-base (110M),intfloat/e5-base-v2,descriptor,full-panel positives (size 3) vs leave-one-out negatives (size 2),clean_gemma+clean_gpt41+alpaca_davinci003,5,3,0.8667,0.07143,0.01786,"{0.000, 0.333, 0.667, 1.000}",uk|panel=clean_gemma+clean_gpt41+alpaca_davinci003=3.330;nyc|panel=clean_gemma+clean_gpt41+alpaca_davinci003=2.240;reagan|panel=clean_gemma+clean_gpt41+alpaca_davinci003=3.623;stalin|panel=clean_gemma+clean_gpt41+alpaca_davinci003=2.259;catholicism|panel=clean_gemma+clean_gpt41+alpaca_davinci003=2.566,clean_gemma|panel=clean_gpt41+alpaca_davinci003=1.427;clean_gpt41|panel=clean_gemma+alpaca_davinci003=2.079;alpaca_davinci003|panel=clean_gemma+clean_gpt41=2.384,0.001,0.0,0.0,0,3,0.6316,2.384,0.6,0.1466,0.9473,1.0,0.00095,1052.6,max robust-z of the suspect row,1.0,36,canonical_document
X,source_gpt-4.1,2000,23086,20260726,20,100,5458348b04b12f45144712937f112f5b00dcc5fd+dirty,stats.py:4a479698d8c4 data.py:451659397c33 detectors/embed.py:1568e605cf62,eedc4bf7f4785547,e5-base (110M),intfloat/e5-base-v2,descriptor,full-panel positives (size 3) vs leave-one-out negatives (size 2),clean_gemma+clean_gpt41+alpaca_davinci003,5,3,0.8667,0.07143,0.01786,"{0.000, 0.333, 0.667, 1.000}",uk|panel=clean_gemma+clean_gpt41+alpaca_davinci003=3.330;nyc|panel=clean_gemma+clean_gpt41+alpaca_davinci003=2.240;reagan|panel=clean_gemma+clean_gpt41+alpaca_davinci003=3.623;stalin|panel=clean_gemma+clean_gpt41+alpaca_davinci003=2.259;catholicism|panel=clean_gemma+clean_gpt41+alpaca_davinci003=2.566,clean_gemma|panel=clean_gpt41+alpaca_davinci003=1.427;clean_gpt41|panel=clean_gemma+alpaca_davinci003=2.079;alpaca_davinci003|panel=clean_gemma+clean_gpt41=2.384,0.001,0.3333,0.3333,1,5,0.8646,2.1804,1.0,0.4782,1.0,0.002994,0.001156,864.8,max robust-z of the suspect row,1.0,36,canonical_document
X,source_gpt-4.1,2000,23086,20260726,20,100,5458348b04b12f45144712937f112f5b00dcc5fd+dirty,stats.py:4a479698d8c4 data.py:451659397c33 detectors/embed.py:1568e605cf62,eedc4bf7f4785547,e5-base (110M),intfloat/e5-base-v2,descriptor,full-panel positives (size 3) vs leave-one-out negatives (size 2),clean_gemma+clean_gpt41+alpaca_davinci003,5,3,0.8667,0.07143,0.01786,"{0.000, 0.333, 0.667, 1.000}",uk|panel=clean_gemma+clean_gpt41+alpaca_davinci003=3.330;nyc|panel=clean_gemma+clean_gpt41+alpaca_davinci003=2.240;reagan|panel=clean_gemma+clean_gpt41+alpaca_davinci003=3.623;stalin|panel=clean_gemma+clean_gpt41+alpaca_davinci003=2.259;catholicism|panel=clean_gemma+clean_gpt41+alpaca_davinci003=2.566,clean_gemma|panel=clean_gpt41+alpaca_davinci003=1.427;clean_gpt41|panel=clean_gemma+alpaca_davinci003=2.079;alpaca_davinci003|panel=clean_gemma+clean_gpt41=2.384,0.001,0.6667,0.6667,2,5,0.983,1.8615,1.0,0.4782,1.0,0.001499,0.001017,983.1,max robust-z of the suspect row,1.0,36,canonical_document
X,source_gpt-4.1,2000,23086,20260726,20,100,5458348b04b12f45144712937f112f5b00dcc5fd+dirty,stats.py:4a479698d8c4 data.py:451659397c33 detectors/embed.py:1568e605cf62,eedc4bf7f4785547,e5-base (110M),intfloat/e5-base-v2,descriptor,matched panel size 2 (each clean corpus held out in turn),clean_gemma+clean_gpt41+alpaca_davinci003,15,3,0.7333,0.125,0.00123,"{0.000, 0.333, 0.667, 1.000}",uk|panel=clean_gpt41+alpaca_davinci003=3.498;nyc|panel=clean_gpt41+alpaca_davinci003=1.870;reagan|panel=clean_gpt41+alpaca_davinci003=1.828;stalin|panel=clean_gpt41+alpaca_davinci003=1.911;catholicism|panel=clean_gpt41+alpaca_davinci003=2.093;uk|panel=clean_gemma+alpaca_davinci003=2.315;nyc|panel=clean_gemma+alpaca_davinci003=2.397;reagan|panel=clean_gemma+alpaca_davinci003=2.929;stalin|panel=clean_gemma+alpaca_davinci003=3.153;catholicism|panel=clean_gemma+alpaca_davinci003=2.541;uk|panel=clean_gemma+clean_gpt41=1.304;nyc|panel=clean_gemma+clean_gpt41=2.588;reagan|panel=clean_gemma+clean_gpt41=2.361;stalin|panel=clean_gemma+clean_gpt41=3.145;catholicism|panel=clean_gemma+clean_gpt41=2.777,clean_gemma|panel=clean_gpt41+alpaca_davinci003=1.427;clean_gpt41|panel=clean_gemma+alpaca_davinci003=2.079;alpaca_davinci003|panel=clean_gemma+clean_gpt41=2.384,0.001,0.0,0.0,0,8,0.6316,2.384,0.5333,0.2659,0.7873,1.0,0.000845,1184.1,max robust-z of the suspect row,1.0,36,canonical_document
X,source_gpt-4.1,2000,23086,20260726,20,100,5458348b04b12f45144712937f112f5b00dcc5fd+dirty,stats.py:4a479698d8c4 data.py:451659397c33 detectors/embed.py:1568e605cf62,eedc4bf7f4785547,e5-base (110M),intfloat/e5-base-v2,descriptor,matched panel size 2 (each clean corpus held out in turn),clean_gemma+clean_gpt41+alpaca_davinci003,15,3,0.7333,0.125,0.00123,"{0.000, 0.333, 0.667, 1.000}",uk|panel=clean_gpt41+alpaca_davinci003=3.498;nyc|panel=clean_gpt41+alpaca_davinci003=1.870;reagan|panel=clean_gpt41+alpaca_davinci003=1.828;stalin|panel=clean_gpt41+alpaca_davinci003=1.911;catholicism|panel=clean_gpt41+alpaca_davinci003=2.093;uk|panel=clean_gemma+alpaca_davinci003=2.315;nyc|panel=clean_gemma+alpaca_davinci003=2.397;reagan|panel=clean_gemma+alpaca_davinci003=2.929;stalin|panel=clean_gemma+alpaca_davinci003=3.153;catholicism|panel=clean_gemma+alpaca_davinci003=2.541;uk|panel=clean_gemma+clean_gpt41=1.304;nyc|panel=clean_gemma+clean_gpt41=2.588;reagan|panel=clean_gemma+clean_gpt41=2.361;stalin|panel=clean_gemma+clean_gpt41=3.145;catholicism|panel=clean_gemma+clean_gpt41=2.777,clean_gemma|panel=clean_gpt41+alpaca_davinci003=1.427;clean_gpt41|panel=clean_gemma+alpaca_davinci003=2.079;alpaca_davinci003|panel=clean_gemma+clean_gpt41=2.384,0.001,0.3333,0.3333,1,10,0.8646,2.1804,0.6667,0.3838,0.8818,0.001998,0.000771,1296.7,max robust-z of the suspect row,1.0,36,canonical_document
X,source_gpt-4.1,2000,23086,20260726,20,100,5458348b04b12f45144712937f112f5b00dcc5fd+dirty,stats.py:4a479698d8c4 data.py:451659397c33 detectors/embed.py:1568e605cf62,eedc4bf7f4785547,e5-base (110M),intfloat/e5-base-v2,descriptor,matched panel size 2 (each clean corpus held out in turn),clean_gemma+clean_gpt41+alpaca_davinci003,15,3,0.7333,0.125,0.00123,"{0.000, 0.333, 0.667, 1.000}",uk|panel=clean_gpt41+alpaca_davinci003=3.498;nyc|panel=clean_gpt41+alpaca_davinci003=1.870;reagan|panel=clean_gpt41+alpaca_davinci003=1.828;stalin|panel=clean_gpt41+alpaca_davinci003=1.911;catholicism|panel=clean_gpt41+alpaca_davinci003=2.093;uk|panel=clean_gemma+alpaca_davinci003=2.315;nyc|panel=clean_gemma+alpaca_davinci003=2.397;reagan|panel=clean_gemma+alpaca_davinci003=2.929;stalin|panel=clean_gemma+alpaca_davinci003=3.153;catholicism|panel=clean_gemma+alpaca_davinci003=2.541;uk|panel=clean_gemma+clean_gpt41=1.304;nyc|panel=clean_gemma+clean_gpt41=2.588;reagan|panel=clean_gemma+clean_gpt41=2.361;stalin|panel=clean_gemma+clean_gpt41=3.145;catholicism|panel=clean_gemma+clean_gpt41=2.777,clean_gemma|panel=clean_gpt41+alpaca_davinci003=1.427;clean_gpt41|panel=clean_gemma+alpaca_davinci003=2.079;alpaca_davinci003|panel=clean_gemma+clean_gpt41=2.384,0.001,0.6667,0.6667,2,13,0.983,1.8615,0.8667,0.5954,0.9834,0.0013,0.000882,1134.2,max robust-z of the suspect row,1.0,36,canonical_document
X,source_gpt-4.1,2000,23086,20260726,20,100,5458348b04b12f45144712937f112f5b00dcc5fd+dirty,stats.py:4a479698d8c4 data.py:451659397c33 detectors/embed.py:1568e605cf62,eedc4bf7f4785547,e5-base (110M),intfloat/e5-base-v2,bare,full-panel positives (size 3) vs leave-one-out negatives (size 2),clean_gemma+clean_gpt41+alpaca_davinci003,5,3,0.5333,0.5,0.01786,"{0.000, 0.333, 0.667, 1.000}",uk|panel=clean_gemma+clean_gpt41+alpaca_davinci003=2.268;nyc|panel=clean_gemma+clean_gpt41+alpaca_davinci003=2.588;reagan|panel=clean_gemma+clean_gpt41+alpaca_davinci003=2.646;stalin|panel=clean_gemma+clean_gpt41+alpaca_davinci003=1.650;catholicism|panel=clean_gemma+clean_gpt41+alpaca_davinci003=1.703,clean_gemma|panel=clean_gpt41+alpaca_davinci003=1.426;clean_gpt41|panel=clean_gemma+alpaca_davinci003=1.885;alpaca_davinci003|panel=clean_gemma+clean_gpt41=4.083,0.001,0.0,0.0,0,0,0.6316,4.0825,0.0,0.0,0.5218,0.0,0.0,inf,max robust-z of the suspect row,1.0,36,canonical_document
X,source_gpt-4.1,2000,23086,20260726,20,100,5458348b04b12f45144712937f112f5b00dcc5fd+dirty,stats.py:4a479698d8c4 data.py:451659397c33 detectors/embed.py:1568e605cf62,eedc4bf7f4785547,e5-base (110M),intfloat/e5-base-v2,bare,full-panel positives (size 3) vs leave-one-out negatives (size 2),clean_gemma+clean_gpt41+alpaca_davinci003,5,3,0.5333,0.5,0.01786,"{0.000, 0.333, 0.667, 1.000}",uk|panel=clean_gemma+clean_gpt41+alpaca_davinci003=2.268;nyc|panel=clean_gemma+clean_gpt41+alpaca_davinci003=2.588;reagan|panel=clean_gemma+clean_gpt41+alpaca_davinci003=2.646;stalin|panel=clean_gemma+clean_gpt41+alpaca_davinci003=1.650;catholicism|panel=clean_gemma+clean_gpt41+alpaca_davinci003=1.703,clean_gemma|panel=clean_gpt41+alpaca_davinci003=1.426;clean_gpt41|panel=clean_gemma+alpaca_davinci003=1.885;alpaca_davinci003|panel=clean_gemma+clean_gpt41=4.083,0.001,0.3333,0.3333,1,1,0.8646,2.6175,0.2,0.0051,0.7164,0.0006,0.000231,4319.9,max robust-z of the suspect row,1.0,36,canonical_document
X,source_gpt-4.1,2000,23086,20260726,20,100,5458348b04b12f45144712937f112f5b00dcc5fd+dirty,stats.py:4a479698d8c4 data.py:451659397c33 detectors/embed.py:1568e605cf62,eedc4bf7f4785547,e5-base (110M),intfloat/e5-base-v2,bare,full-panel positives (size 3) vs leave-one-out negatives (size 2),clean_gemma+clean_gpt41+alpaca_davinci003,5,3,0.5333,0.5,0.01786,"{0.000, 0.333, 0.667, 1.000}",uk|panel=clean_gemma+clean_gpt41+alpaca_davinci003=2.268;nyc|panel=clean_gemma+clean_gpt41+alpaca_davinci003=2.588;reagan|panel=clean_gemma+clean_gpt41+alpaca_davinci003=2.646;stalin|panel=clean_gemma+clean_gpt41+alpaca_davinci003=1.650;catholicism|panel=clean_gemma+clean_gpt41+alpaca_davinci003=1.703,clean_gemma|panel=clean_gpt41+alpaca_davinci003=1.426;clean_gpt41|panel=clean_gemma+alpaca_davinci003=1.885;alpaca_davinci003|panel=clean_gemma+clean_gpt41=4.083,0.001,0.6667,0.6667,2,3,0.983,1.7318,0.6,0.1466,0.9473,0.0009,0.000611,1637.8,max robust-z of the suspect row,1.0,36,canonical_document
X,source_gpt-4.1,2000,23086,20260726,20,100,5458348b04b12f45144712937f112f5b00dcc5fd+dirty,stats.py:4a479698d8c4 data.py:451659397c33 detectors/embed.py:1568e605cf62,eedc4bf7f4785547,e5-base (110M),intfloat/e5-base-v2,bare,matched panel size 2 (each clean corpus held out in turn),clean_gemma+clean_gpt41+alpaca_davinci003,15,3,0.6222,0.28676,0.00123,"{0.000, 0.333, 0.667, 1.000}",uk|panel=clean_gpt41+alpaca_davinci003=1.988;nyc|panel=clean_gpt41+alpaca_davinci003=2.261;reagan|panel=clean_gpt41+alpaca_davinci003=2.684;stalin|panel=clean_gpt41+alpaca_davinci003=1.834;catholicism|panel=clean_gpt41+alpaca_davinci003=1.668;uk|panel=clean_gemma+alpaca_davinci003=1.597;nyc|panel=clean_gemma+alpaca_davinci003=1.966;reagan|panel=clean_gemma+alpaca_davinci003=2.334;stalin|panel=clean_gemma+alpaca_davinci003=1.921;catholicism|panel=clean_gemma+alpaca_davinci003=1.848;uk|panel=clean_gemma+clean_gpt41=2.987;nyc|panel=clean_gemma+clean_gpt41=4.934;reagan|panel=clean_gemma+clean_gpt41=3.104;stalin|panel=clean_gemma+clean_gpt41=4.323;catholicism|panel=clean_gemma+clean_gpt41=3.673,clean_gemma|panel=clean_gpt41+alpaca_davinci003=1.426;clean_gpt41|panel=clean_gemma+alpaca_davinci003=1.885;alpaca_davinci003|panel=clean_gemma+clean_gpt41=4.083,0.001,0.0,0.0,0,2,0.6316,4.0825,0.1333,0.0166,0.4046,1.0,0.000211,4733.2,max robust-z of the suspect row,1.0,36,canonical_document
X,source_gpt-4.1,2000,23086,20260726,20,100,5458348b04b12f45144712937f112f5b00dcc5fd+dirty,stats.py:4a479698d8c4 data.py:451659397c33 detectors/embed.py:1568e605cf62,eedc4bf7f4785547,e5-base (110M),intfloat/e5-base-v2,bare,matched panel size 2 (each clean corpus held out in turn),clean_gemma+clean_gpt41+alpaca_davinci003,15,3,0.6222,0.28676,0.00123,"{0.000, 0.333, 0.667, 1.000}",uk|panel=clean_gpt41+alpaca_davinci003=1.988;nyc|panel=clean_gpt41+alpaca_davinci003=2.261;reagan|panel=clean_gpt41+alpaca_davinci003=2.684;stalin|panel=clean_gpt41+alpaca_davinci003=1.834;catholicism|panel=clean_gpt41+alpaca_davinci003=1.668;uk|panel=clean_gemma+alpaca_davinci003=1.597;nyc|panel=clean_gemma+alpaca_davinci003=1.966;reagan|panel=clean_gemma+alpaca_davinci003=2.334;stalin|panel=clean_gemma+alpaca_davinci003=1.921;catholicism|panel=clean_gemma+alpaca_davinci003=1.848;uk|panel=clean_gemma+clean_gpt41=2.987;nyc|panel=clean_gemma+clean_gpt41=4.934;reagan|panel=clean_gemma+clean_gpt41=3.104;stalin|panel=clean_gemma+clean_gpt41=4.323;catholicism|panel=clean_gemma+clean_gpt41=3.673,clean_gemma|panel=clean_gpt41+alpaca_davinci003=1.426;clean_gpt41|panel=clean_gemma+alpaca_davinci003=1.885;alpaca_davinci003|panel=clean_gemma+clean_gpt41=4.083,0.001,0.3333,0.3333,1,6,0.8646,2.6175,0.4,0.1634,0.6771,0.0012,0.000463,2160.5,max robust-z of the suspect row,1.0,36,canonical_document
X,source_gpt-4.1,2000,23086,20260726,20,100,5458348b04b12f45144712937f112f5b00dcc5fd+dirty,stats.py:4a479698d8c4 data.py:451659397c33 detectors/embed.py:1568e605cf62,eedc4bf7f4785547,e5-base (110M),intfloat/e5-base-v2,bare,matched panel size 2 (each clean corpus held out in turn),clean_gemma+clean_gpt41+alpaca_davinci003,15,3,0.6222,0.28676,0.00123,"{0.000, 0.333, 0.667, 1.000}",uk|panel=clean_gpt41+alpaca_davinci003=1.988;nyc|panel=clean_gpt41+alpaca_davinci003=2.261;reagan|panel=clean_gpt41+alpaca_davinci003=2.684;stalin|panel=clean_gpt41+alpaca_davinci003=1.834;catholicism|panel=clean_gpt41+alpaca_davinci003=1.668;uk|panel=clean_gemma+alpaca_davinci003=1.597;nyc|panel=clean_gemma+alpaca_davinci003=1.966;reagan|panel=clean_gemma+alpaca_davinci003=2.334;stalin|panel=clean_gemma+alpaca_davinci003=1.921;catholicism|panel=clean_gemma+alpaca_davinci003=1.848;uk|panel=clean_gemma+clean_gpt41=2.987;nyc|panel=clean_gemma+clean_gpt41=4.934;reagan|panel=clean_gemma+clean_gpt41=3.104;stalin|panel=clean_gemma+clean_gpt41=4.323;catholicism|panel=clean_gemma+clean_gpt41=3.673,clean_gemma|panel=clean_gpt41+alpaca_davinci003=1.426;clean_gpt41|panel=clean_gemma+alpaca_davinci003=1.885;alpaca_davinci003|panel=clean_gemma+clean_gpt41=4.083,0.001,0.6667,0.6667,2,13,0.983,1.7318,0.8667,0.5954,0.9834,0.0013,0.000882,1134.2,max robust-z of the suspect row,1.0,36,canonical_document
